Game Date,Start (ET),Visitor,Home,visitor_id,home_id
"Tue, Oct 22, 2024",7:30p,New York Knicks,Boston Celtics,1610612752,1610612738
"Tue, Oct 22, 2024",10:00p,Minnesota Timberwolves,Los Angeles Lakers,1610612750,1610612747
"Wed, Oct 23, 2024",7:00p,Indiana Pacers,Detroit Pistons,1610612754,1610612765
"Wed, Oct 23, 2024",7:30p,Brooklyn Nets,Atlanta Hawks,1610612751,1610612737
"Wed, Oct 23, 2024",7:30p,Orlando Magic,Miami Heat,1610612753,1610612748
"Wed, Oct 23, 2024",7:30p,Milwaukee Bucks,Philadelphia 76ers,1610612749,1610612755
"Wed, Oct 23, 2024",7:30p,Cleveland Cavaliers,Toronto Raptors,1610612739,1610612761
"Wed, Oct 23, 2024",8:00p,Charlotte Hornets,Houston Rockets,1610612766,1610612745
"Wed, Oct 23, 2024",8:00p,Chicago Bulls,New Orleans Pelicans,1610612741,1610612740
"Wed, Oct 23, 2024",9:00p,Memphis Grizzlies,Utah Jazz,1610612763,1610612762
"Wed, Oct 23, 2024",10:00p,Phoenix Suns,Los Angeles Clippers,1610612756,1610612746
"Wed, Oct 23, 2024",10:00p,Golden State Warriors,Portland Trail Blazers,1610612744,1610612757
"Thu, Oct 24, 2024",7:00p,Boston Celtics,Washington Wizards,1610612738,1610612764
"Thu, Oct 24, 2024",7:30p,San Antonio Spurs,Dallas Mavericks,1610612759,1610612742
"Thu, Oct 24, 2024",10:00p,Minnesota Timberwolves,Sacramento Kings,1610612750,1610612758
"Thu, Oct 24, 2024",10:00p,Oklahoma City Thunder,Denver Nuggets,1610612760,1610612743
"Fri, Oct 25, 2024",7:00p,Brooklyn Nets,Orlando Magic,1610612751,1610612753
"Fri, Oct 25, 2024",7:00p,Philadelphia 76ers,Toronto Raptors,1610612755,1610612761
"Fri, Oct 25, 2024",7:30p,Charlotte Hornets,Atlanta Hawks,1610612766,1610612737
"Fri, Oct 25, 2024",7:30p,Detroit Pistons,Cleveland Cavaliers,1610612765,1610612739
"Fri, Oct 25, 2024",7:30p,Indiana Pacers,New York Knicks,1610612754,1610612752
"Fri, Oct 25, 2024",8:00p,Memphis Grizzlies,Houston Rockets,1610612763,1610612745
"Fri, Oct 25, 2024",8:00p,Chicago Bulls,Milwaukee Bucks,1610612741,1610612749
"Fri, Oct 25, 2024",9:30p,Golden State Warriors,Utah Jazz,1610612744,1610612762
"Fri, Oct 25, 2024",10:00p,Phoenix Suns,Los Angeles Lakers,1610612756,1610612747
"Fri, Oct 25, 2024",10:00p,New Orleans Pelicans,Portland Trail Blazers,1610612740,1610612757
"Sat, Oct 26, 2024",5:00p,Los Angeles Clippers,Denver Nuggets,1610612746,1610612743
"Sat, Oct 26, 2024",7:00p,Cleveland Cavaliers,Washington Wizards,1610612739,1610612764
"Sat, Oct 26, 2024",7:00p,Boston Celtics,Detroit Pistons,1610612738,1610612765
"Sat, Oct 26, 2024",7:00p,Miami Heat,Charlotte Hornets,1610612748,1610612766
"Sat, Oct 26, 2024",8:00p,Orlando Magic,Memphis Grizzlies,1610612753,1610612763
"Sat, Oct 26, 2024",8:00p,Toronto Raptors,Minnesota Timberwolves,1610612761,1610612750
"Sat, Oct 26, 2024",8:00p,Oklahoma City Thunder,Chicago Bulls,1610612760,1610612741
"Sat, Oct 26, 2024",8:30p,Houston Rockets,San Antonio Spurs,1610612745,1610612759
"Sat, Oct 26, 2024",10:00p,Dallas Mavericks,Phoenix Suns,1610612742,1610612756
"Sat, Oct 26, 2024",10:30p,Sacramento Kings,Los Angeles Lakers,1610612758,1610612747
"Sun, Oct 27, 2024",3:30p,Philadelphia 76ers,Indiana Pacers,1610612755,1610612754
"Sun, Oct 27, 2024",6:00p,New Orleans Pelicans,Portland Trail Blazers,1610612740,1610612757
"Sun, Oct 27, 2024",6:00p,Milwaukee Bucks,Brooklyn Nets,1610612749,1610612751
"Sun, Oct 27, 2024",7:00p,Atlanta Hawks,Oklahoma City Thunder,1610612737,1610612760
"Sun, Oct 27, 2024",8:30p,Los Angeles Clippers,Golden State Warriors,1610612746,1610612744
"Mon, Oct 28, 2024",7:00p,Indiana Pacers,Orlando Magic,1610612754,1610612753
"Mon, Oct 28, 2024",7:30p,Washington Wizards,Atlanta Hawks,1610612764,1610612737
"Mon, Oct 28, 2024",7:30p,Milwaukee Bucks,Boston Celtics,1610612749,1610612738
"Mon, Oct 28, 2024",7:30p,Denver Nuggets,Toronto Raptors,1610612743,1610612761
"Mon, Oct 28, 2024",7:30p,Detroit Pistons,Miami Heat,1610612765,1610612748
"Mon, Oct 28, 2024",7:30p,Cleveland Cavaliers,New York Knicks,1610612739,1610612752
"Mon, Oct 28, 2024",8:00p,Houston Rockets,San Antonio Spurs,1610612745,1610612759
"Mon, Oct 28, 2024",8:00p,Chicago Bulls,Memphis Grizzlies,1610612741,1610612763
"Mon, Oct 28, 2024",8:30p,Utah Jazz,Dallas Mavericks,1610612762,1610612742
"Mon, Oct 28, 2024",10:00p,Portland Trail Blazers,Sacramento Kings,1610612757,1610612758
"Mon, Oct 28, 2024",10:00p,Los Angeles Lakers,Phoenix Suns,1610612747,1610612756
"Tue, Oct 29, 2024",7:30p,Denver Nuggets,Brooklyn Nets,1610612743,1610612751
"Tue, Oct 29, 2024",7:30p,Dallas Mavericks,Minnesota Timberwolves,1610612742,1610612750
"Tue, Oct 29, 2024",9:00p,Sacramento Kings,Utah Jazz,1610612758,1610612762
"Tue, Oct 29, 2024",10:00p,New Orleans Pelicans,Golden State Warriors,1610612740,1610612744
"Wed, Oct 30, 2024",7:00p,Detroit Pistons,Philadelphia 76ers,1610612765,1610612755
"Wed, Oct 30, 2024",7:00p,Atlanta Hawks,Washington Wizards,1610612737,1610612764
"Wed, Oct 30, 2024",7:00p,Boston Celtics,Indiana Pacers,1610612738,1610612754
"Wed, Oct 30, 2024",7:00p,Los Angeles Lakers,Cleveland Cavaliers,1610612747,1610612739
"Wed, Oct 30, 2024",7:00p,Toronto Raptors,Charlotte Hornets,1610612761,1610612766
"Wed, Oct 30, 2024",7:30p,New York Knicks,Miami Heat,1610612752,1610612748
"Wed, Oct 30, 2024",8:00p,Orlando Magic,Chicago Bulls,1610612753,1610612741
"Wed, Oct 30, 2024",8:00p,Brooklyn Nets,Memphis Grizzlies,1610612751,1610612763
"Wed, Oct 30, 2024",9:30p,San Antonio Spurs,Oklahoma City Thunder,1610612759,1610612760
"Wed, Oct 30, 2024",10:00p,New Orleans Pelicans,Golden State Warriors,1610612740,1610612744
"Wed, Oct 30, 2024",10:30p,Portland Trail Blazers,Los Angeles Clippers,1610612757,1610612746
"Thu, Oct 31, 2024",8:00p,Milwaukee Bucks,Memphis Grizzlies,1610612749,1610612763
"Thu, Oct 31, 2024",8:30p,Houston Rockets,Dallas Mavericks,1610612745,1610612742
"Thu, Oct 31, 2024",9:00p,San Antonio Spurs,Utah Jazz,1610612759,1610612762
"Thu, Oct 31, 2024",10:30p,Phoenix Suns,Los Angeles Clippers,1610612756,1610612746
"Fri, Nov 1, 2024",7:00p,Boston Celtics,Charlotte Hornets,1610612738,1610612766
"Fri, Nov 1, 2024",7:00p,Orlando Magic,Cleveland Cavaliers,1610612753,1610612739
"Fri, Nov 1, 2024",7:00p,New York Knicks,Detroit Pistons,1610612752,1610612765
"Fri, Nov 1, 2024",7:30p,Sacramento Kings,Atlanta Hawks,1610612758,1610612737
"Fri, Nov 1, 2024",7:30p,Chicago Bulls,Brooklyn Nets,1610612741,1610612751
"Fri, Nov 1, 2024",7:30p,Los Angeles Lakers,Toronto Raptors,1610612747,1610612761
"Fri, Nov 1, 2024",8:00p,Indiana Pacers,New Orleans Pelicans,1610612754,1610612740
"Fri, Nov 1, 2024",9:30p,Denver Nuggets,Minnesota Timberwolves,1610612743,1610612750
"Fri, Nov 1, 2024",10:00p,Oklahoma City Thunder,Portland Trail Blazers,1610612760,1610612757
"Sat, Nov 2, 2024",6:00p,Boston Celtics,Charlotte Hornets,1610612738,1610612766
"Sat, Nov 2, 2024",7:30p,Memphis Grizzlies,Philadelphia 76ers,1610612763,1610612755
"Sat, Nov 2, 2024",7:30p,Sacramento Kings,Toronto Raptors,1610612758,1610612761
"Sat, Nov 2, 2024",8:00p,Golden State Warriors,Houston Rockets,1610612744,1610612745
"Sat, Nov 2, 2024",8:00p,Cleveland Cavaliers,Milwaukee Bucks,1610612739,1610612749
"Sat, Nov 2, 2024",8:00p,Minnesota Timberwolves,San Antonio Spurs,1610612750,1610612759
"Sat, Nov 2, 2024",9:30p,Miami Heat,Washington Wizards,1610612748,1610612764
"Sat, Nov 2, 2024",10:00p,Utah Jazz,Denver Nuggets,1610612762,1610612743
"Sat, Nov 2, 2024",10:00p,Portland Trail Blazers,Phoenix Suns,1610612757,1610612756
"Sat, Nov 2, 2024",10:30p,Oklahoma City Thunder,Los Angeles Clippers,1610612760,1610612746
"Sun, Nov 3, 2024",3:30p,Detroit Pistons,Brooklyn Nets,1610612765,1610612751
"Sun, Nov 3, 2024",7:00p,Atlanta Hawks,New Orleans Pelicans,1610612737,1610612740
"Sun, Nov 3, 2024",7:30p,Orlando Magic,Dallas Mavericks,1610612753,1610612742
"Mon, Nov 4, 2024",7:00p,Milwaukee Bucks,Cleveland Cavaliers,1610612749,1610612739
"Mon, Nov 4, 2024",7:15p,Golden State Warriors,Washington Wizards,1610612744,1610612764
"Mon, Nov 4, 2024",7:30p,Los Angeles Lakers,Detroit Pistons,1610612747,1610612765
"Mon, Nov 4, 2024",7:45p,Boston Celtics,Atlanta Hawks,1610612738,1610612737
"Mon, Nov 4, 2024",8:00p,Memphis Grizzlies,Brooklyn Nets,1610612763,1610612751
"Mon, Nov 4, 2024",8:15p,Sacramento Kings,Miami Heat,1610612758,1610612748
"Mon, Nov 4, 2024",8:30p,Utah Jazz,Chicago Bulls,1610612762,1610612741
"Mon, Nov 4, 2024",8:45p,New York Knicks,Houston Rockets,1610612752,1610612745
"Mon, Nov 4, 2024",9:00p,Charlotte Hornets,Minnesota Timberwolves,1610612766,1610612750
"Mon, Nov 4, 2024",9:15p,Orlando Magic,Oklahoma City Thunder,1610612753,1610612760
"Mon, Nov 4, 2024",9:30p,Portland Trail Blazers,New Orleans Pelicans,1610612757,1610612740
"Mon, Nov 4, 2024",9:45p,Indiana Pacers,Dallas Mavericks,1610612754,1610612742
"Mon, Nov 4, 2024",10:00p,Toronto Raptors,Denver Nuggets,1610612761,1610612743
"Mon, Nov 4, 2024",10:15p,Philadelphia 76ers,Phoenix Suns,1610612755,1610612756
"Mon, Nov 4, 2024",10:30p,San Antonio Spurs,Los Angeles Clippers,1610612759,1610612746
"Wed, Nov 6, 2024",7:00p,Detroit Pistons,Charlotte Hornets,1610612765,1610612766
"Wed, Nov 6, 2024",7:00p,Orlando Magic,Indiana Pacers,1610612753,1610612754
"Wed, Nov 6, 2024",7:30p,New York Knicks,Atlanta Hawks,1610612752,1610612737
"Wed, Nov 6, 2024",7:30p,Golden State Warriors,Boston Celtics,1610612744,1610612738
"Wed, Nov 6, 2024",8:00p,San Antonio Spurs,Houston Rockets,1610612759,1610612745
"Wed, Nov 6, 2024",8:00p,Los Angeles Lakers,Memphis Grizzlies,1610612747,1610612763
"Wed, Nov 6, 2024",8:00p,Cleveland Cavaliers,New Orleans Pelicans,1610612739,1610612740
"Wed, Nov 6, 2024",8:30p,Chicago Bulls,Dallas Mavericks,1610612741,1610612742
"Wed, Nov 6, 2024",9:00p,Oklahoma City Thunder,Denver Nuggets,1610612760,1610612743
"Wed, Nov 6, 2024",9:00p,Miami Heat,Phoenix Suns,1610612748,1610612756
"Wed, Nov 6, 2024",10:00p,Philadelphia 76ers,Los Angeles Clippers,1610612755,1610612746
"Wed, Nov 6, 2024",10:00p,Toronto Raptors,Sacramento Kings,1610612761,1610612758
"Thu, Nov 7, 2024",8:00p,Minnesota Timberwolves,Chicago Bulls,1610612750,1610612741
"Thu, Nov 7, 2024",8:00p,Utah Jazz,Milwaukee Bucks,1610612762,1610612749
"Thu, Nov 7, 2024",8:00p,Portland Trail Blazers,San Antonio Spurs,1610612757,1610612759
"Fri, Nov 8, 2024",7:00p,Indiana Pacers,Charlotte Hornets,1610612754,1610612766
"Fri, Nov 8, 2024",7:00p,Atlanta Hawks,Detroit Pistons,1610612737,1610612765
"Fri, Nov 8, 2024",7:00p,New Orleans Pelicans,Orlando Magic,1610612740,1610612753
"Fri, Nov 8, 2024",7:30p,Brooklyn Nets,Boston Celtics,1610612751,1610612738
"Fri, Nov 8, 2024",7:30p,Golden State Warriors,Cleveland Cavaliers,1610612744,1610612739
"Fri, Nov 8, 2024",7:30p,Phoenix Suns,Dallas Mavericks,1610612756,1610612742
"Fri, Nov 8, 2024",7:30p,Milwaukee Bucks,New York Knicks,1610612749,1610612752
"Fri, Nov 8, 2024",8:00p,Washington Wizards,Memphis Grizzlies,1610612764,1610612763
"Fri, Nov 8, 2024",8:00p,Houston Rockets,Oklahoma City Thunder,1610612745,1610612760
"Fri, Nov 8, 2024",9:00p,Miami Heat,Denver Nuggets,1610612748,1610612743
"Fri, Nov 8, 2024",9:00p,Portland Trail Blazers,Minnesota Timberwolves,1610612757,1610612750
"Fri, Nov 8, 2024",10:00p,Philadelphia 76ers,Los Angeles Lakers,1610612755,1610612747
"Fri, Nov 8, 2024",10:00p,Los Angeles Clippers,Sacramento Kings,1610612746,1610612758
"Sat, Nov 9, 2024",5:00p,Utah Jazz,San Antonio Spurs,1610612762,1610612759
"Sat, Nov 9, 2024",7:30p,Chicago Bulls,Atlanta Hawks,1610612741,1610612737
"Sat, Nov 9, 2024",7:30p,Brooklyn Nets,Cleveland Cavaliers,1610612751,1610612739
"Sat, Nov 9, 2024",10:30p,Toronto Raptors,Los Angeles Clippers,1610612761,1610612746
"Sun, Nov 10, 2024",3:00p,Houston Rockets,Detroit Pistons,1610612745,1610612765
"Sun, Nov 10, 2024",3:30p,Boston Celtics,Milwaukee Bucks,1610612738,1610612749
"Sun, Nov 10, 2024",5:00p,New York Knicks,Indiana Pacers,1610612752,1610612754
"Sun, Nov 10, 2024",6:00p,Washington Wizards,Orlando Magic,1610612764,1610612753
"Sun, Nov 10, 2024",7:00p,Miami Heat,Minnesota Timberwolves,1610612748,1610612750
"Sun, Nov 10, 2024",7:00p,Golden State Warriors,Oklahoma City Thunder,1610612744,1610612760
"Sun, Nov 10, 2024",7:00p,Charlotte Hornets,Philadelphia 76ers,1610612766,1610612755
"Sun, Nov 10, 2024",8:00p,Dallas Mavericks,Denver Nuggets,1610612742,1610612743
"Sun, Nov 10, 2024",8:00p,Sacramento Kings,Phoenix Suns,1610612758,1610612756
"Sun, Nov 10, 2024",9:00p,Memphis Grizzlies,Portland Trail Blazers,1610612763,1610612757
"Sun, Nov 10, 2024",9:30p,Toronto Raptors,Los Angeles Lakers,1610612761,1610612747
"Mon, Nov 11, 2024",8:00p,Cleveland Cavaliers,Chicago Bulls,1610612739,1610612741
"Mon, Nov 11, 2024",8:00p,Washington Wizards,Houston Rockets,1610612764,1610612745
"Mon, Nov 11, 2024",8:00p,Brooklyn Nets,New Orleans Pelicans,1610612751,1610612740
"Mon, Nov 11, 2024",8:00p,Los Angeles Clippers,Oklahoma City Thunder,1610612746,1610612760
"Mon, Nov 11, 2024",8:00p,Sacramento Kings,San Antonio Spurs,1610612758,1610612759
"Tue, Nov 12, 2024",7:00p,Atlanta Hawks,Boston Celtics,1610612737,1610612738
"Tue, Nov 12, 2024",7:00p,Miami Heat,Detroit Pistons,1610612748,1610612765
"Tue, Nov 12, 2024",7:00p,Charlotte Hornets,Orlando Magic,1610612766,1610612753
"Tue, Nov 12, 2024",7:30p,New York Knicks,Philadelphia 76ers,1610612752,1610612755
"Tue, Nov 12, 2024",8:00p,Toronto Raptors,Milwaukee Bucks,1610612761,1610612749
"Tue, Nov 12, 2024",9:00p,Phoenix Suns,Utah Jazz,1610612756,1610612762
"Tue, Nov 12, 2024",10:00p,Dallas Mavericks,Golden State Warriors,1610612742,1610612744
"Tue, Nov 12, 2024",10:00p,Minnesota Timberwolves,Portland Trail Blazers,1610612750,1610612757
"Wed, Nov 13, 2024",7:00p,Indiana Pacers,Orlando Magic,1610612754,1610612753
"Wed, Nov 13, 2024",7:30p,Boston Celtics,Brooklyn Nets,1610612738,1610612751
"Wed, Nov 13, 2024",7:30p,Chicago Bulls,New York Knicks,1610612741,1610612752
"Wed, Nov 13, 2024",7:30p,New Orleans Pelicans,Oklahoma City Thunder,1610612740,1610612760
"Wed, Nov 13, 2024",7:30p,Cleveland Cavaliers,Philadelphia 76ers,1610612739,1610612755
"Wed, Nov 13, 2024",8:00p,Los Angeles Clippers,Houston Rockets,1610612746,1610612745
"Wed, Nov 13, 2024",8:00p,Detroit Pistons,Milwaukee Bucks,1610612765,1610612749
"Wed, Nov 13, 2024",8:00p,Washington Wizards,San Antonio Spurs,1610612764,1610612759
"Wed, Nov 13, 2024",10:00p,Memphis Grizzlies,Los Angeles Lakers,1610612763,1610612747
"Wed, Nov 13, 2024",10:00p,Minnesota Timberwolves,Portland Trail Blazers,1610612750,1610612757
"Wed, Nov 13, 2024",10:00p,Phoenix Suns,Sacramento Kings,1610612756,1610612758
"Thu, Nov 14, 2024",9:00p,Dallas Mavericks,Utah Jazz,1610612742,1610612762
"Fri, Nov 15, 2024",7:00p,Miami Heat,Indiana Pacers,1610612748,1610612754
"Fri, Nov 15, 2024",7:00p,Philadelphia 76ers,Orlando Magic,1610612755,1610612753
"Fri, Nov 15, 2024",7:00p,Detroit Pistons,Toronto Raptors,1610612765,1610612761
"Fri, Nov 15, 2024",7:30p,Washington Wizards,Atlanta Hawks,1610612764,1610612737
"Fri, Nov 15, 2024",7:30p,Chicago Bulls,Cleveland Cavaliers,1610612741,1610612739
"Fri, Nov 15, 2024",7:30p,Brooklyn Nets,New York Knicks,1610612751,1610612752
"Fri, Nov 15, 2024",7:30p,Los Angeles Lakers,San Antonio Spurs,1610612747,1610612759
"Fri, Nov 15, 2024",8:00p,Los Angeles Clippers,Houston Rockets,1610612746,1610612745
"Fri, Nov 15, 2024",8:00p,Denver Nuggets,New Orleans Pelicans,1610612743,1610612740
"Fri, Nov 15, 2024",8:00p,Phoenix Suns,Oklahoma City Thunder,1610612756,1610612760
"Fri, Nov 15, 2024",10:00p,Memphis Grizzlies,Golden State Warriors,1610612763,1610612744
"Fri, Nov 15, 2024",10:00p,Minnesota Timberwolves,Sacramento Kings,1610612750,1610612758
"Sat, Nov 16, 2024",3:00p,Milwaukee Bucks,Charlotte Hornets,1610612749,1610612766
"Sat, Nov 16, 2024",8:00p,Toronto Raptors,Boston Celtics,1610612761,1610612738
"Sat, Nov 16, 2024",8:00p,Los Angeles Lakers,New Orleans Pelicans,1610612747,1610612740
"Sat, Nov 16, 2024",8:30p,San Antonio Spurs,Dallas Mavericks,1610612759,1610612742
"Sat, Nov 16, 2024",10:00p,Utah Jazz,Sacramento Kings,1610612762,1610612758
"Sun, Nov 17, 2024",3:30p,Phoenix Suns,Minnesota Timberwolves,1610612756,1610612750
"Sun, Nov 17, 2024",5:00p,Miami Heat,Indiana Pacers,1610612748,1610612754
"Sun, Nov 17, 2024",6:00p,Charlotte Hornets,Cleveland Cavaliers,1610612766,1610612739
"Sun, Nov 17, 2024",6:00p,Denver Nuggets,Memphis Grizzlies,1610612743,1610612763
"Sun, Nov 17, 2024",6:00p,Atlanta Hawks,Portland Trail Blazers,1610612737,1610612757
"Sun, Nov 17, 2024",6:00p,Detroit Pistons,Washington Wizards,1610612765,1610612764
"Sun, Nov 17, 2024",7:00p,Houston Rockets,Chicago Bulls,1610612745,1610612741
"Sun, Nov 17, 2024",7:00p,Brooklyn Nets,New York Knicks,1610612751,1610612752
"Sun, Nov 17, 2024",7:00p,Dallas Mavericks,Oklahoma City Thunder,1610612742,1610612760
"Sun, Nov 17, 2024",9:00p,Utah Jazz,Los Angeles Clippers,1610612762,1610612746
"Mon, Nov 18, 2024",7:00p,Chicago Bulls,Detroit Pistons,1610612741,1610612765
"Mon, Nov 18, 2024",7:30p,Philadelphia 76ers,Miami Heat,1610612755,1610612748
"Mon, Nov 18, 2024",7:30p,Washington Wizards,New York Knicks,1610612764,1610612752
"Mon, Nov 18, 2024",7:30p,Indiana Pacers,Toronto Raptors,1610612754,1610612761
"Mon, Nov 18, 2024",8:00p,Houston Rockets,Milwaukee Bucks,1610612745,1610612749
"Mon, Nov 18, 2024",9:00p,Orlando Magic,Phoenix Suns,1610612753,1610612756
"Mon, Nov 18, 2024",10:00p,Atlanta Hawks,Sacramento Kings,1610612737,1610612758
"Mon, Nov 18, 2024",10:30p,Golden State Warriors,Los Angeles Clippers,1610612744,1610612746
"Tue, Nov 19, 2024",7:00p,Cleveland Cavaliers,Boston Celtics,1610612739,1610612738
"Tue, Nov 19, 2024",7:30p,Charlotte Hornets,Brooklyn Nets,1610612766,1610612751
"Tue, Nov 19, 2024",8:00p,Denver Nuggets,Memphis Grizzlies,1610612743,1610612763
"Tue, Nov 19, 2024",8:30p,New Orleans Pelicans,Dallas Mavericks,1610612740,1610612742
"Tue, Nov 19, 2024",9:30p,Oklahoma City Thunder,San Antonio Spurs,1610612760,1610612759
"Tue, Nov 19, 2024",10:30p,Utah Jazz,Los Angeles Lakers,1610612762,1610612747
"Wed, Nov 20, 2024",7:30p,New Orleans Pelicans,Cleveland Cavaliers,1610612740,1610612739
"Wed, Nov 20, 2024",7:30p,Chicago Bulls,Milwaukee Bucks,1610612741,1610612749
"Wed, Nov 20, 2024",8:00p,Indiana Pacers,Houston Rockets,1610612754,1610612745
"Wed, Nov 20, 2024",8:00p,Philadelphia 76ers,Memphis Grizzlies,1610612755,1610612763
"Wed, Nov 20, 2024",8:00p,Portland Trail Blazers,Oklahoma City Thunder,1610612757,1610612760
"Wed, Nov 20, 2024",10:00p,Atlanta Hawks,Golden State Warriors,1610612737,1610612744
"Wed, Nov 20, 2024",10:00p,New York Knicks,Phoenix Suns,1610612752,1610612756
"Wed, Nov 20, 2024",10:30p,Orlando Magic,Los Angeles Clippers,1610612753,1610612746
"Thu, Nov 21, 2024",7:00p,Detroit Pistons,Charlotte Hornets,1610612765,1610612766
"Thu, Nov 21, 2024",7:30p,Minnesota Timberwolves,Toronto Raptors,1610612750,1610612761
"Thu, Nov 21, 2024",8:00p,Utah Jazz,San Antonio Spurs,1610612762,1610612759
"Thu, Nov 21, 2024",10:30p,Orlando Magic,Los Angeles Lakers,1610612753,1610612747
"Fri, Nov 22, 2024",7:00p,Brooklyn Nets,Philadelphia 76ers,1610612751,1610612755
"Fri, Nov 22, 2024",7:00p,Boston Celtics,Washington Wizards,1610612738,1610612764
"Fri, Nov 22, 2024",7:30p,Indiana Pacers,Milwaukee Bucks,1610612754,1610612749
"Fri, Nov 22, 2024",8:00p,Atlanta Hawks,Chicago Bulls,1610612737,1610612741
"Fri, Nov 22, 2024",8:00p,Portland Trail Blazers,Houston Rockets,1610612757,1610612745
"Fri, Nov 22, 2024",8:00p,Golden State Warriors,New Orleans Pelicans,1610612744,1610612740
"Fri, Nov 22, 2024",10:00p,Dallas Mavericks,Denver Nuggets,1610612742,1610612743
"Fri, Nov 22, 2024",10:30p,Sacramento Kings,Los Angeles Clippers,1610612758,1610612746
"Sat, Nov 23, 2024",5:00p,New York Knicks,Utah Jazz,1610612752,1610612762
"Sat, Nov 23, 2024",7:00p,Detroit Pistons,Orlando Magic,1610612765,1610612753
"Sat, Nov 23, 2024",8:00p,Memphis Grizzlies,Chicago Bulls,1610612763,1610612741
"Sat, Nov 23, 2024",8:00p,Portland Trail Blazers,Houston Rockets,1610612757,1610612745
"Sat, Nov 23, 2024",8:00p,Charlotte Hornets,Milwaukee Bucks,1610612766,1610612749
"Sat, Nov 23, 2024",8:30p,Golden State Warriors,San Antonio Spurs,1610612744,1610612759
"Sat, Nov 23, 2024",10:30p,Denver Nuggets,Los Angeles Lakers,1610612743,1610612747
"Sun, Nov 24, 2024",3:30p,Minnesota Timberwolves,Boston Celtics,1610612750,1610612738
"Sun, Nov 24, 2024",5:00p,Washington Wizards,Indiana Pacers,1610612764,1610612754
"Sun, Nov 24, 2024",6:00p,Dallas Mavericks,Miami Heat,1610612742,1610612748
"Sun, Nov 24, 2024",6:00p,Los Angeles Clippers,Philadelphia 76ers,1610612746,1610612755
"Sun, Nov 24, 2024",7:30p,Toronto Raptors,Cleveland Cavaliers,1610612761,1610612739
"Sun, Nov 24, 2024",9:00p,Brooklyn Nets,Sacramento Kings,1610612751,1610612758
"Mon, Nov 25, 2024",7:00p,Orlando Magic,Charlotte Hornets,1610612753,1610612766
"Mon, Nov 25, 2024",7:00p,Toronto Raptors,Detroit Pistons,1610612761,1610612765
"Mon, Nov 25, 2024",7:00p,New Orleans Pelicans,Indiana Pacers,1610612740,1610612754
"Mon, Nov 25, 2024",7:30p,Dallas Mavericks,Atlanta Hawks,1610612742,1610612737
"Mon, Nov 25, 2024",7:30p,Los Angeles Clippers,Boston Celtics,1610612746,1610612738
"Mon, Nov 25, 2024",8:00p,Portland Trail Blazers,Memphis Grizzlies,1610612757,1610612763
"Mon, Nov 25, 2024",9:00p,New York Knicks,Denver Nuggets,1610612752,1610612743
"Mon, Nov 25, 2024",10:00p,Brooklyn Nets,Golden State Warriors,1610612751,1610612744
"Mon, Nov 25, 2024",10:00p,Oklahoma City Thunder,Sacramento Kings,1610612760,1610612758
"Tue, Nov 26, 2024",7:00p,Chicago Bulls,Washington Wizards,1610612741,1610612764
"Tue, Nov 26, 2024",7:30p,Milwaukee Bucks,Miami Heat,1610612749,1610612748
"Tue, Nov 26, 2024",8:00p,Houston Rockets,Minnesota Timberwolves,1610612745,1610612750
"Tue, Nov 26, 2024",9:00p,San Antonio Spurs,Utah Jazz,1610612759,1610612762
"Tue, Nov 26, 2024",10:00p,Los Angeles Lakers,Phoenix Suns,1610612747,1610612756
"Wed, Nov 27, 2024",7:00p,Miami Heat,Charlotte Hornets,1610612748,1610612766
"Wed, Nov 27, 2024",7:00p,Atlanta Hawks,Cleveland Cavaliers,1610612737,1610612739
"Wed, Nov 27, 2024",7:00p,Portland Trail Blazers,Indiana Pacers,1610612757,1610612754
"Wed, Nov 27, 2024",7:00p,Chicago Bulls,Orlando Magic,1610612741,1610612753
"Wed, Nov 27, 2024",7:00p,Houston Rockets,Philadelphia 76ers,1610612745,1610612755
"Wed, Nov 27, 2024",7:00p,Los Angeles Clippers,Washington Wizards,1610612746,1610612764
"Wed, Nov 27, 2024",7:30p,New York Knicks,Dallas Mavericks,1610612752,1610612742
"Wed, Nov 27, 2024",8:00p,Detroit Pistons,Memphis Grizzlies,1610612765,1610612763
"Wed, Nov 27, 2024",8:00p,Sacramento Kings,Minnesota Timberwolves,1610612758,1610612750
"Wed, Nov 27, 2024",8:00p,Toronto Raptors,New Orleans Pelicans,1610612761,1610612740
"Wed, Nov 27, 2024",8:30p,Los Angeles Lakers,San Antonio Spurs,1610612747,1610612759
"Wed, Nov 27, 2024",9:00p,Brooklyn Nets,Phoenix Suns,1610612751,1610612756
"Wed, Nov 27, 2024",9:00p,Denver Nuggets,Utah Jazz,1610612743,1610612762
"Wed, Nov 27, 2024",10:00p,Oklahoma City Thunder,Golden State Warriors,1610612760,1610612744
"Fri, Nov 29, 2024",12:00p,New York Knicks,Charlotte Hornets,1610612752,1610612766
"Fri, Nov 29, 2024",2:30p,Cleveland Cavaliers,Atlanta Hawks,1610612739,1610612737
"Fri, Nov 29, 2024",5:00p,New Orleans Pelicans,Memphis Grizzlies,1610612740,1610612763
"Fri, Nov 29, 2024",7:30p,Orlando Magic,Brooklyn Nets,1610612753,1610612751
"Fri, Nov 29, 2024",7:30p,Los Angeles Clippers,Minnesota Timberwolves,1610612746,1610612750
"Fri, Nov 29, 2024",8:00p,Boston Celtics,Chicago Bulls,1610612738,1610612741
"Fri, Nov 29, 2024",8:00p,Detroit Pistons,Indiana Pacers,1610612765,1610612754
"Fri, Nov 29, 2024",8:00p,Toronto Raptors,Miami Heat,1610612761,1610612748
"Fri, Nov 29, 2024",10:00p,Oklahoma City Thunder,Los Angeles Lakers,1610612760,1610612747
"Fri, Nov 29, 2024",10:00p,Sacramento Kings,Portland Trail Blazers,1610612758,1610612757
"Sat, Nov 30, 2024",6:00p,Atlanta Hawks,Charlotte Hornets,1610612737,1610612766
"Sat, Nov 30, 2024",7:00p,Philadelphia 76ers,Detroit Pistons,1610612755,1610612765
"Sat, Nov 30, 2024",8:00p,Washington Wizards,Milwaukee Bucks,1610612764,1610612749
"Sat, Nov 30, 2024",9:00p,Golden State Warriors,Phoenix Suns,1610612744,1610612756
"Sat, Nov 30, 2024",9:30p,Dallas Mavericks,Utah Jazz,1610612742,1610612762
"Sun, Dec 1, 2024",3:30p,Orlando Magic,Brooklyn Nets,1610612753,1610612751
"Sun, Dec 1, 2024",3:30p,Indiana Pacers,Memphis Grizzlies,1610612754,1610612763
"Sun, Dec 1, 2024",6:00p,Boston Celtics,Cleveland Cavaliers,1610612738,1610612739
"Sun, Dec 1, 2024",6:00p,New Orleans Pelicans,New York Knicks,1610612740,1610612752
"Sun, Dec 1, 2024",6:00p,Miami Heat,Toronto Raptors,1610612748,1610612761
"Sun, Dec 1, 2024",7:00p,Oklahoma City Thunder,Houston Rockets,1610612760,1610612745
"Sun, Dec 1, 2024",8:00p,Los Angeles Lakers,Utah Jazz,1610612747,1610612762
"Sun, Dec 1, 2024",9:00p,Dallas Mavericks,Portland Trail Blazers,1610612742,1610612757
"Sun, Dec 1, 2024",9:00p,San Antonio Spurs,Sacramento Kings,1610612759,1610612758
"Sun, Dec 1, 2024",10:00p,Denver Nuggets,Los Angeles Clippers,1610612743,1610612746
"Mon, Dec 2, 2024",7:30p,New Orleans Pelicans,Atlanta Hawks,1610612740,1610612737
"Mon, Dec 2, 2024",7:30p,Miami Heat,Boston Celtics,1610612748,1610612738
"Mon, Dec 2, 2024",8:00p,Brooklyn Nets,Chicago Bulls,1610612751,1610612741
"Mon, Dec 2, 2024",8:00p,Los Angeles Lakers,Minnesota Timberwolves,1610612747,1610612750
"Tue, Dec 3, 2024",7:00p,Philadelphia 76ers,Charlotte Hornets,1610612755,1610612766
"Tue, Dec 3, 2024",7:00p,Washington Wizards,Cleveland Cavaliers,1610612764,1610612739
"Tue, Dec 3, 2024",7:00p,Milwaukee Bucks,Detroit Pistons,1610612749,1610612765
"Tue, Dec 3, 2024",7:30p,Orlando Magic,New York Knicks,1610612753,1610612752
"Tue, Dec 3, 2024",7:30p,Indiana Pacers,Toronto Raptors,1610612754,1610612761
"Tue, Dec 3, 2024",8:00p,Utah Jazz,Oklahoma City Thunder,1610612762,1610612760
"Tue, Dec 3, 2024",8:30p,Memphis Grizzlies,Dallas Mavericks,1610612763,1610612742
"Tue, Dec 3, 2024",9:00p,San Antonio Spurs,Phoenix Suns,1610612759,1610612756
"Tue, Dec 3, 2024",10:00p,Golden State Warriors,Denver Nuggets,1610612744,1610612743
"Tue, Dec 3, 2024",10:00p,Houston Rockets,Sacramento Kings,1610612745,1610612758
"Tue, Dec 3, 2024",10:30p,Portland Trail Blazers,Los Angeles Clippers,1610612757,1610612746
"Wed, Dec 4, 2024",7:30p,Detroit Pistons,Boston Celtics,1610612765,1610612738
"Wed, Dec 4, 2024",7:30p,Indiana Pacers,Brooklyn Nets,1610612754,1610612751
"Wed, Dec 4, 2024",7:30p,Los Angeles Lakers,Miami Heat,1610612747,1610612748
"Wed, Dec 4, 2024",7:30p,Orlando Magic,Philadelphia 76ers,1610612753,1610612755
"Wed, Dec 4, 2024",8:00p,Atlanta Hawks,Milwaukee Bucks,1610612737,1610612749
"Wed, Dec 4, 2024",10:30p,Minnesota Timberwolves,Los Angeles Clippers,1610612750,1610612746
"Thu, Dec 5, 2024",7:00p,Denver Nuggets,Cleveland Cavaliers,1610612743,1610612739
"Thu, Dec 5, 2024",7:00p,Dallas Mavericks,Washington Wizards,1610612742,1610612764
"Thu, Dec 5, 2024",7:30p,Charlotte Hornets,New York Knicks,1610612766,1610612752
"Thu, Dec 5, 2024",7:30p,Oklahoma City Thunder,Toronto Raptors,1610612760,1610612761
"Thu, Dec 5, 2024",8:00p,Sacramento Kings,Memphis Grizzlies,1610612758,1610612763
"Thu, Dec 5, 2024",8:00p,Phoenix Suns,New Orleans Pelicans,1610612756,1610612740
"Thu, Dec 5, 2024",8:00p,Chicago Bulls,San Antonio Spurs,1610612741,1610612759
"Thu, Dec 5, 2024",10:00p,Houston Rockets,Golden State Warriors,1610612745,1610612744
"Fri, Dec 6, 2024",7:00p,Orlando Magic,Philadelphia 76ers,1610612753,1610612755
"Fri, Dec 6, 2024",7:30p,Los Angeles Lakers,Atlanta Hawks,1610612747,1610612737
"Fri, Dec 6, 2024",7:30p,Milwaukee Bucks,Boston Celtics,1610612749,1610612738
"Fri, Dec 6, 2024",8:00p,Indiana Pacers,Chicago Bulls,1610612754,1610612741
"Fri, Dec 6, 2024",8:00p,Sacramento Kings,San Antonio Spurs,1610612758,1610612759
"Fri, Dec 6, 2024",10:00p,Minnesota Timberwolves,Golden State Warriors,1610612750,1610612744
"Fri, Dec 6, 2024",10:00p,Utah Jazz,Portland Trail Blazers,1610612762,1610612757
"Sat, Dec 7, 2024",1:00p,Cleveland Cavaliers,Charlotte Hornets,1610612739,1610612766
"Sat, Dec 7, 2024",7:00p,Oklahoma City Thunder,New Orleans Pelicans,1610612760,1610612740
"Sat, Dec 7, 2024",7:00p,Denver Nuggets,Washington Wizards,1610612743,1610612764
"Sat, Dec 7, 2024",7:30p,Detroit Pistons,New York Knicks,1610612765,1610612752
"Sat, Dec 7, 2024",7:30p,Dallas Mavericks,Toronto Raptors,1610612742,1610612761
"Sat, Dec 7, 2024",8:00p,Memphis Grizzlies,Boston Celtics,1610612763,1610612738
"Sat, Dec 7, 2024",8:00p,Phoenix Suns,Miami Heat,1610612756,1610612748
"Sun, Dec 8, 2024",1:00p,Philadelphia 76ers,Chicago Bulls,1610612755,1610612741
"Sun, Dec 8, 2024",3:30p,Milwaukee Bucks,Brooklyn Nets,1610612749,1610612751
"Sun, Dec 8, 2024",5:00p,Charlotte Hornets,Indiana Pacers,1610612766,1610612754
"Sun, Dec 8, 2024",6:00p,Denver Nuggets,Atlanta Hawks,1610612743,1610612737
"Sun, Dec 8, 2024",6:00p,Cleveland Cavaliers,Miami Heat,1610612739,1610612748
"Sun, Dec 8, 2024",6:30p,Phoenix Suns,Orlando Magic,1610612756,1610612753
"Sun, Dec 8, 2024",7:00p,New Orleans Pelicans,San Antonio Spurs,1610612740,1610612759
"Sun, Dec 8, 2024",7:00p,Memphis Grizzlies,Washington Wizards,1610612763,1610612764
"Sun, Dec 8, 2024",8:30p,Minnesota Timberwolves,Golden State Warriors,1610612750,1610612744
"Sun, Dec 8, 2024",9:00p,Houston Rockets,Los Angeles Clippers,1610612745,1610612746
"Sun, Dec 8, 2024",9:00p,Utah Jazz,Sacramento Kings,1610612762,1610612758
"Sun, Dec 8, 2024",9:30p,Portland Trail Blazers,Los Angeles Lakers,1610612757,1610612747
"Mon, Dec 9, 2024",7:30p,New York Knicks,Toronto Raptors,1610612752,1610612761
"Thu, Dec 19, 2024",7:00p,Utah Jazz,Detroit Pistons,1610612762,1610612765
"Thu, Dec 19, 2024",7:00p,Oklahoma City Thunder,Orlando Magic,1610612760,1610612753
"Thu, Dec 19, 2024",7:00p,Charlotte Hornets,Washington Wizards,1610612766,1610612764
"Thu, Dec 19, 2024",7:30p,Chicago Bulls,Boston Celtics,1610612741,1610612738
"Thu, Dec 19, 2024",7:30p,Brooklyn Nets,Toronto Raptors,1610612751,1610612761
"Thu, Dec 19, 2024",8:00p,New Orleans Pelicans,Houston Rockets,1610612740,1610612745
"Thu, Dec 19, 2024",8:00p,Golden State Warriors,Memphis Grizzlies,1610612744,1610612763
"Thu, Dec 19, 2024",8:00p,New York Knicks,Minnesota Timberwolves,1610612752,1610612750
"Thu, Dec 19, 2024",8:30p,Los Angeles Clippers,Dallas Mavericks,1610612746,1610612742
"Thu, Dec 19, 2024",9:00p,Indiana Pacers,Phoenix Suns,1610612754,1610612756
"Thu, Dec 19, 2024",9:30p,Atlanta Hawks,San Antonio Spurs,1610612737,1610612759
"Thu, Dec 19, 2024",10:00p,Denver Nuggets,Portland Trail Blazers,1610612743,1610612757
"Thu, Dec 19, 2024",10:00p,Los Angeles Lakers,Sacramento Kings,1610612747,1610612758
"Fri, Dec 20, 2024",7:00p,Charlotte Hornets,Philadelphia 76ers,1610612766,1610612755
"Fri, Dec 20, 2024",7:30p,Milwaukee Bucks,Cleveland Cavaliers,1610612749,1610612739
"Fri, Dec 20, 2024",8:00p,Oklahoma City Thunder,Miami Heat,1610612760,1610612748
"Sat, Dec 21, 2024",6:00p,Los Angeles Lakers,Sacramento Kings,1610612747,1610612758
"Sat, Dec 21, 2024",7:00p,Miami Heat,Orlando Magic,1610612748,1610612753
"Sat, Dec 21, 2024",7:30p,Memphis Grizzlies,Atlanta Hawks,1610612763,1610612737
"Sat, Dec 21, 2024",7:30p,Utah Jazz,Brooklyn Nets,1610612762,1610612751
"Sat, Dec 21, 2024",8:00p,Boston Celtics,Chicago Bulls,1610612738,1610612741
"Sat, Dec 21, 2024",8:00p,Philadelphia 76ers,Cleveland Cavaliers,1610612755,1610612739
"Sat, Dec 21, 2024",8:00p,Washington Wizards,Milwaukee Bucks,1610612764,1610612749
"Sat, Dec 21, 2024",8:00p,Golden State Warriors,Minnesota Timberwolves,1610612744,1610612750
"Sat, Dec 21, 2024",8:00p,New York Knicks,New Orleans Pelicans,1610612752,1610612740
"Sat, Dec 21, 2024",8:30p,Los Angeles Clippers,Dallas Mavericks,1610612746,1610612742
"Sat, Dec 21, 2024",8:30p,Portland Trail Blazers,San Antonio Spurs,1610612757,1610612759
"Sat, Dec 21, 2024",9:00p,Detroit Pistons,Phoenix Suns,1610612765,1610612756
"Sun, Dec 22, 2024",6:00p,Indiana Pacers,Sacramento Kings,1610612754,1610612758
"Sun, Dec 22, 2024",6:00p,Houston Rockets,Toronto Raptors,1610612745,1610612761
"Sun, Dec 22, 2024",7:00p,Denver Nuggets,New Orleans Pelicans,1610612743,1610612740
"Mon, Dec 23, 2024",7:00p,Houston Rockets,Charlotte Hornets,1610612745,1610612766
"Mon, Dec 23, 2024",7:00p,Utah Jazz,Cleveland Cavaliers,1610612762,1610612739
"Mon, Dec 23, 2024",7:00p,Boston Celtics,Orlando Magic,1610612738,1610612753
"Mon, Dec 23, 2024",7:00p,San Antonio Spurs,Philadelphia 76ers,1610612759,1610612755
"Mon, Dec 23, 2024",7:30p,Minnesota Timberwolves,Atlanta Hawks,1610612750,1610612737
"Mon, Dec 23, 2024",7:30p,Brooklyn Nets,Miami Heat,1610612751,1610612748
"Mon, Dec 23, 2024",7:30p,Toronto Raptors,New York Knicks,1610612761,1610612752
"Mon, Dec 23, 2024",8:00p,Milwaukee Bucks,Chicago Bulls,1610612749,1610612741
"Mon, Dec 23, 2024",8:00p,Los Angeles Clippers,Memphis Grizzlies,1610612746,1610612763
"Mon, Dec 23, 2024",8:00p,Washington Wizards,Oklahoma City Thunder,1610612764,1610612760
"Mon, Dec 23, 2024",8:30p,Portland Trail Blazers,Dallas Mavericks,1610612757,1610612742
"Mon, Dec 23, 2024",10:00p,Phoenix Suns,Denver Nuggets,1610612756,1610612743
"Mon, Dec 23, 2024",10:00p,Indiana Pacers,Golden State Warriors,1610612754,1610612744
"Mon, Dec 23, 2024",10:30p,Detroit Pistons,Los Angeles Lakers,1610612765,1610612747
"Wed, Dec 25, 2024",12:00p,San Antonio Spurs,New York Knicks,1610612759,1610612752
"Wed, Dec 25, 2024",2:30p,Minnesota Timberwolves,Dallas Mavericks,1610612750,1610612742
"Wed, Dec 25, 2024",5:00p,Philadelphia 76ers,Boston Celtics,1610612755,1610612738
"Wed, Dec 25, 2024",8:00p,Los Angeles Lakers,Golden State Warriors,1610612747,1610612744
"Wed, Dec 25, 2024",10:30p,Denver Nuggets,Phoenix Suns,1610612743,1610612756
"Thu, Dec 26, 2024",7:00p,Oklahoma City Thunder,Indiana Pacers,1610612760,1610612754
"Thu, Dec 26, 2024",7:00p,Miami Heat,Orlando Magic,1610612748,1610612753
"Thu, Dec 26, 2024",7:00p,Charlotte Hornets,Washington Wizards,1610612766,1610612764
"Thu, Dec 26, 2024",7:30p,Chicago Bulls,Atlanta Hawks,1610612741,1610612737
"Thu, Dec 26, 2024",8:00p,Toronto Raptors,Memphis Grizzlies,1610612761,1610612763
"Thu, Dec 26, 2024",8:00p,Brooklyn Nets,Milwaukee Bucks,1610612751,1610612749
"Thu, Dec 26, 2024",8:00p,Houston Rockets,New Orleans Pelicans,1610612745,1610612740
"Thu, Dec 26, 2024",10:00p,Utah Jazz,Portland Trail Blazers,1610612762,1610612757
"Thu, Dec 26, 2024",10:00p,Detroit Pistons,Sacramento Kings,1610612765,1610612758
"Fri, Dec 27, 2024",7:00p,New York Knicks,Orlando Magic,1610612752,1610612753
"Fri, Dec 27, 2024",7:30p,Indiana Pacers,Boston Celtics,1610612754,1610612738
"Fri, Dec 27, 2024",7:30p,San Antonio Spurs,Brooklyn Nets,1610612759,1610612751
"Fri, Dec 27, 2024",8:00p,Minnesota Timberwolves,Houston Rockets,1610612750,1610612745
"Fri, Dec 27, 2024",8:00p,Memphis Grizzlies,New Orleans Pelicans,1610612763,1610612740
"Fri, Dec 27, 2024",9:00p,Cleveland Cavaliers,Denver Nuggets,1610612739,1610612743
"Fri, Dec 27, 2024",9:00p,Dallas Mavericks,Phoenix Suns,1610612742,1610612756
"Fri, Dec 27, 2024",10:00p,Golden State Warriors,Los Angeles Clippers,1610612744,1610612746
"Sat, Dec 28, 2024",3:00p,Miami Heat,Atlanta Hawks,1610612748,1610612737
"Sat, Dec 28, 2024",6:00p,Oklahoma City Thunder,Charlotte Hornets,1610612760,1610612766
"Sat, Dec 28, 2024",7:00p,New York Knicks,Washington Wizards,1610612752,1610612764
"Sat, Dec 28, 2024",8:00p,Milwaukee Bucks,Chicago Bulls,1610612749,1610612741
"Sat, Dec 28, 2024",8:30p,Phoenix Suns,Golden State Warriors,1610612756,1610612744
"Sat, Dec 28, 2024",9:00p,Detroit Pistons,Denver Nuggets,1610612765,1610612743
"Sat, Dec 28, 2024",9:30p,Philadelphia 76ers,Utah Jazz,1610612755,1610612762
"Sat, Dec 28, 2024",10:00p,Dallas Mavericks,Portland Trail Blazers,1610612742,1610612757
"Sat, Dec 28, 2024",10:30p,Sacramento Kings,Los Angeles Lakers,1610612758,1610612747
"Sun, Dec 29, 2024",3:30p,Brooklyn Nets,Orlando Magic,1610612751,1610612753
"Sun, Dec 29, 2024",6:00p,Indiana Pacers,Boston Celtics,1610612754,1610612738
"Sun, Dec 29, 2024",6:00p,Atlanta Hawks,Toronto Raptors,1610612737,1610612761
"Sun, Dec 29, 2024",7:00p,Miami Heat,Houston Rockets,1610612748,1610612745
"Sun, Dec 29, 2024",7:00p,Memphis Grizzlies,Oklahoma City Thunder,1610612763,1610612760
"Sun, Dec 29, 2024",8:00p,San Antonio Spurs,Minnesota Timberwolves,1610612759,1610612750
"Mon, Dec 30, 2024",7:00p,Chicago Bulls,Charlotte Hornets,1610612741,1610612766
"Mon, Dec 30, 2024",7:00p,New York Knicks,Washington Wizards,1610612752,1610612764
"Mon, Dec 30, 2024",8:00p,Los Angeles Clippers,New Orleans Pelicans,1610612746,1610612740
"Mon, Dec 30, 2024",9:00p,Denver Nuggets,Utah Jazz,1610612743,1610612762
"Mon, Dec 30, 2024",10:00p,Cleveland Cavaliers,Golden State Warriors,1610612739,1610612744
"Mon, Dec 30, 2024",10:00p,Philadelphia 76ers,Portland Trail Blazers,1610612755,1610612757
"Mon, Dec 30, 2024",10:00p,Dallas Mavericks,Sacramento Kings,1610612742,1610612758
"Tue, Dec 31, 2024",3:00p,Toronto Raptors,Boston Celtics,1610612761,1610612738
"Tue, Dec 31, 2024",3:00p,Milwaukee Bucks,Indiana Pacers,1610612749,1610612754
"Tue, Dec 31, 2024",7:00p,Los Angeles Clippers,San Antonio Spurs,1610612746,1610612759
"Tue, Dec 31, 2024",8:00p,Minnesota Timberwolves,Oklahoma City Thunder,1610612750,1610612760
"Tue, Dec 31, 2024",9:00p,Cleveland Cavaliers,Los Angeles Lakers,1610612739,1610612747
"Tue, Dec 31, 2024",9:00p,Memphis Grizzlies,Phoenix Suns,1610612763,1610612756
"Wed, Jan 1, 2025",7:00p,Orlando Magic,Detroit Pistons,1610612753,1610612765
"Wed, Jan 1, 2025",7:00p,Chicago Bulls,Washington Wizards,1610612741,1610612764
"Wed, Jan 1, 2025",7:30p,New Orleans Pelicans,Miami Heat,1610612740,1610612748
"Wed, Jan 1, 2025",7:30p,Utah Jazz,New York Knicks,1610612762,1610612752
"Wed, Jan 1, 2025",7:30p,Brooklyn Nets,Toronto Raptors,1610612751,1610612761
"Wed, Jan 1, 2025",8:00p,Dallas Mavericks,Houston Rockets,1610612742,1610612745
"Wed, Jan 1, 2025",9:00p,Atlanta Hawks,Denver Nuggets,1610612737,1610612743
"Wed, Jan 1, 2025",10:00p,Philadelphia 76ers,Sacramento Kings,1610612755,1610612758
"Thu, Jan 2, 2025",7:30p,Indiana Pacers,Miami Heat,1610612754,1610612748
"Thu, Jan 2, 2025",7:30p,Boston Celtics,Minnesota Timberwolves,1610612738,1610612750
"Thu, Jan 2, 2025",8:00p,Brooklyn Nets,Milwaukee Bucks,1610612751,1610612749
"Thu, Jan 2, 2025",8:00p,Los Angeles Clippers,Oklahoma City Thunder,1610612746,1610612760
"Thu, Jan 2, 2025",10:00p,Philadelphia 76ers,Golden State Warriors,1610612755,1610612744
"Thu, Jan 2, 2025",10:30p,Portland Trail Blazers,Los Angeles Lakers,1610612757,1610612747
"Fri, Jan 3, 2025",7:00p,Charlotte Hornets,Detroit Pistons,1610612766,1610612765
"Fri, Jan 3, 2025",7:30p,Orlando Magic,Toronto Raptors,1610612753,1610612761
"Fri, Jan 3, 2025",8:00p,Boston Celtics,Houston Rockets,1610612738,1610612745
"Fri, Jan 3, 2025",8:00p,Washington Wizards,New Orleans Pelicans,1610612764,1610612740
"Fri, Jan 3, 2025",8:00p,New York Knicks,Oklahoma City Thunder,1610612752,1610612760
"Fri, Jan 3, 2025",8:30p,Cleveland Cavaliers,Dallas Mavericks,1610612739,1610612742
"Fri, Jan 3, 2025",9:00p,San Antonio Spurs,Denver Nuggets,1610612759,1610612743
"Fri, Jan 3, 2025",10:00p,Memphis Grizzlies,Sacramento Kings,1610612763,1610612758
"Fri, Jan 3, 2025",10:30p,Atlanta Hawks,Los Angeles Lakers,1610612737,1610612747
"Sat, Jan 4, 2025",6:00p,Philadelphia 76ers,Brooklyn Nets,1610612755,1610612751
"Sat, Jan 4, 2025",7:00p,Minnesota Timberwolves,Detroit Pistons,1610612750,1610612765
"Sat, Jan 4, 2025",7:00p,Phoenix Suns,Indiana Pacers,1610612756,1610612754
"Sat, Jan 4, 2025",8:00p,New York Knicks,Chicago Bulls,1610612752,1610612741
"Sat, Jan 4, 2025",8:00p,Utah Jazz,Miami Heat,1610612762,1610612748
"Sat, Jan 4, 2025",8:00p,Portland Trail Blazers,Milwaukee Bucks,1610612757,1610612749
"Sat, Jan 4, 2025",8:00p,Denver Nuggets,San Antonio Spurs,1610612743,1610612759
"Sat, Jan 4, 2025",8:30p,Memphis Grizzlies,Golden State Warriors,1610612763,1610612744
"Sat, Jan 4, 2025",10:30p,Atlanta Hawks,Los Angeles Clippers,1610612737,1610612746
"Sun, Jan 5, 2025",3:30p,Boston Celtics,Oklahoma City Thunder,1610612738,1610612760
"Sun, Jan 5, 2025",6:00p,Charlotte Hornets,Cleveland Cavaliers,1610612766,1610612739
"Sun, Jan 5, 2025",6:00p,New Orleans Pelicans,Washington Wizards,1610612740,1610612764
"Sun, Jan 5, 2025",6:30p,Utah Jazz,Orlando Magic,1610612762,1610612753
"Sun, Jan 5, 2025",7:00p,Los Angeles Lakers,Houston Rockets,1610612747,1610612745
"Sun, Jan 5, 2025",8:30p,Sacramento Kings,Golden State Warriors,1610612758,1610612744
"Mon, Jan 6, 2025",7:00p,Portland Trail Blazers,Detroit Pistons,1610612757,1610612765
"Mon, Jan 6, 2025",7:00p,Phoenix Suns,Philadelphia 76ers,1610612756,1610612755
"Mon, Jan 6, 2025",7:30p,Indiana Pacers,Brooklyn Nets,1610612754,1610612751
"Mon, Jan 6, 2025",7:30p,Orlando Magic,New York Knicks,1610612753,1610612752
"Mon, Jan 6, 2025",7:30p,Milwaukee Bucks,Toronto Raptors,1610612749,1610612761
"Mon, Jan 6, 2025",8:00p,San Antonio Spurs,Chicago Bulls,1610612759,1610612741
"Mon, Jan 6, 2025",8:00p,Dallas Mavericks,Memphis Grizzlies,1610612742,1610612763
"Mon, Jan 6, 2025",8:00p,Los Angeles Clippers,Minnesota Timberwolves,1610612746,1610612750
"Mon, Jan 6, 2025",10:00p,Miami Heat,Sacramento Kings,1610612748,1610612758
"Tue, Jan 7, 2025",7:00p,Phoenix Suns,Charlotte Hornets,1610612756,1610612766
"Tue, Jan 7, 2025",7:00p,Houston Rockets,Washington Wizards,1610612745,1610612764
"Tue, Jan 7, 2025",7:30p,Los Angeles Lakers,Dallas Mavericks,1610612747,1610612742
"Tue, Jan 7, 2025",8:00p,Minnesota Timberwolves,New Orleans Pelicans,1610612750,1610612740
"Tue, Jan 7, 2025",9:00p,Atlanta Hawks,Utah Jazz,1610612737,1610612762
"Tue, Jan 7, 2025",10:00p,Boston Celtics,Denver Nuggets,1610612738,1610612743
"Tue, Jan 7, 2025",10:00p,Miami Heat,Golden State Warriors,1610612748,1610612744
"Wed, Jan 8, 2025",7:00p,Oklahoma City Thunder,Cleveland Cavaliers,1610612760,1610612739
"Wed, Jan 8, 2025",7:00p,Chicago Bulls,Indiana Pacers,1610612741,1610612754
"Wed, Jan 8, 2025",7:00p,Toronto Raptors,New York Knicks,1610612761,1610612752
"Wed, Jan 8, 2025",7:00p,Washington Wizards,Philadelphia 76ers,1610612764,1610612755
"Wed, Jan 8, 2025",7:30p,Detroit Pistons,Brooklyn Nets,1610612765,1610612751
"Wed, Jan 8, 2025",8:00p,Portland Trail Blazers,New Orleans Pelicans,1610612757,1610612740
"Wed, Jan 8, 2025",9:00p,Los Angeles Clippers,Denver Nuggets,1610612746,1610612743
"Wed, Jan 8, 2025",9:30p,San Antonio Spurs,Milwaukee Bucks,1610612759,1610612749
"Thu, Jan 9, 2025",7:00p,Toronto Raptors,Cleveland Cavaliers,1610612761,1610612739
"Thu, Jan 9, 2025",7:00p,Golden State Warriors,Detroit Pistons,1610612744,1610612765
"Thu, Jan 9, 2025",7:00p,Minnesota Timberwolves,Orlando Magic,1610612750,1610612753
"Thu, Jan 9, 2025",8:00p,Houston Rockets,Memphis Grizzlies,1610612745,1610612763
"Thu, Jan 9, 2025",8:30p,Portland Trail Blazers,Dallas Mavericks,1610612757,1610612742
"Thu, Jan 9, 2025",9:00p,Atlanta Hawks,Phoenix Suns,1610612737,1610612756
"Thu, Jan 9, 2025",9:00p,Miami Heat,Utah Jazz,1610612748,1610612762
"Thu, Jan 9, 2025",10:30p,Charlotte Hornets,Los Angeles Lakers,1610612766,1610612747
"Fri, Jan 10, 2025",7:00p,Golden State Warriors,Indiana Pacers,1610612744,1610612754
"Fri, Jan 10, 2025",7:00p,Milwaukee Bucks,Orlando Magic,1610612749,1610612753
"Fri, Jan 10, 2025",7:00p,New Orleans Pelicans,Philadelphia 76ers,1610612740,1610612755
"Fri, Jan 10, 2025",7:30p,Sacramento Kings,Boston Celtics,1610612758,1610612738
"Fri, Jan 10, 2025",7:30p,Oklahoma City Thunder,New York Knicks,1610612760,1610612752
"Fri, Jan 10, 2025",8:00p,Washington Wizards,Chicago Bulls,1610612764,1610612741
"Fri, Jan 10, 2025",9:00p,Brooklyn Nets,Denver Nuggets,1610612751,1610612743
"Sat, Jan 11, 2025",3:00p,Houston Rockets,Atlanta Hawks,1610612745,1610612737
"Sat, Jan 11, 2025",5:00p,Utah Jazz,Phoenix Suns,1610612762,1610612756
"Sat, Jan 11, 2025",7:00p,Toronto Raptors,Detroit Pistons,1610612761,1610612765
"Sat, Jan 11, 2025",8:00p,Memphis Grizzlies,Minnesota Timberwolves,1610612763,1610612750
"Sat, Jan 11, 2025",10:00p,Miami Heat,Portland Trail Blazers,1610612748,1610612757
"Sat, Jan 11, 2025",10:30p,Charlotte Hornets,Los Angeles Clippers,1610612766,1610612746
"Sat, Jan 11, 2025",10:30p,San Antonio Spurs,Los Angeles Lakers,1610612759,1610612747
"Sun, Jan 12, 2025",3:00p,Denver Nuggets,Dallas Mavericks,1610612743,1610612742
"Sun, Jan 12, 2025",3:00p,Milwaukee Bucks,New York Knicks,1610612749,1610612752
"Sun, Jan 12, 2025",3:30p,Sacramento Kings,Chicago Bulls,1610612758,1610612741
"Sun, Jan 12, 2025",6:00p,New Orleans Pelicans,Boston Celtics,1610612740,1610612738
"Sun, Jan 12, 2025",6:00p,Indiana Pacers,Cleveland Cavaliers,1610612754,1610612739
"Sun, Jan 12, 2025",6:00p,Philadelphia 76ers,Orlando Magic,1610612755,1610612753
"Sun, Jan 12, 2025",6:00p,Oklahoma City Thunder,Washington Wizards,1610612760,1610612764
"Sun, Jan 12, 2025",8:00p,Brooklyn Nets,Utah Jazz,1610612751,1610612762
"Sun, Jan 12, 2025",9:00p,Charlotte Hornets,Phoenix Suns,1610612766,1610612756
"Mon, Jan 13, 2025",7:00p,Minnesota Timberwolves,Washington Wizards,1610612750,1610612764
"Mon, Jan 13, 2025",7:30p,Detroit Pistons,New York Knicks,1610612765,1610612752
"Mon, Jan 13, 2025",7:30p,Golden State Warriors,Toronto Raptors,1610612744,1610612761
"Mon, Jan 13, 2025",8:00p,Memphis Grizzlies,Houston Rockets,1610612763,1610612745
"Mon, Jan 13, 2025",10:30p,Miami Heat,Los Angeles Clippers,1610612748,1610612746
"Mon, Jan 13, 2025",10:30p,San Antonio Spurs,Los Angeles Lakers,1610612759,1610612747
"Tue, Jan 14, 2025",7:00p,Cleveland Cavaliers,Indiana Pacers,1610612739,1610612754
"Tue, Jan 14, 2025",7:00p,Oklahoma City Thunder,Philadelphia 76ers,1610612760,1610612755
"Tue, Jan 14, 2025",7:30p,Phoenix Suns,Atlanta Hawks,1610612756,1610612737
"Tue, Jan 14, 2025",8:00p,New Orleans Pelicans,Chicago Bulls,1610612740,1610612741
"Tue, Jan 14, 2025",8:00p,Sacramento Kings,Milwaukee Bucks,1610612758,1610612749
"Tue, Jan 14, 2025",9:30p,Denver Nuggets,Dallas Mavericks,1610612743,1610612742
"Tue, Jan 14, 2025",10:00p,Brooklyn Nets,Portland Trail Blazers,1610612751,1610612757
"Wed, Jan 15, 2025",7:30p,New York Knicks,Philadelphia 76ers,1610612752,1610612755
"Wed, Jan 15, 2025",7:30p,Boston Celtics,Toronto Raptors,1610612738,1610612761
"Wed, Jan 15, 2025",8:00p,Atlanta Hawks,Chicago Bulls,1610612737,1610612741
"Wed, Jan 15, 2025",8:00p,Orlando Magic,Milwaukee Bucks,1610612753,1610612749
"Wed, Jan 15, 2025",8:00p,Golden State Warriors,Minnesota Timberwolves,1610612744,1610612750
"Wed, Jan 15, 2025",8:00p,Dallas Mavericks,New Orleans Pelicans,1610612742,1610612740
"Wed, Jan 15, 2025",8:00p,Memphis Grizzlies,San Antonio Spurs,1610612763,1610612759
"Wed, Jan 15, 2025",9:00p,Houston Rockets,Denver Nuggets,1610612745,1610612743
"Wed, Jan 15, 2025",9:00p,Charlotte Hornets,Utah Jazz,1610612766,1610612762
"Wed, Jan 15, 2025",10:00p,Miami Heat,Los Angeles Lakers,1610612748,1610612747
"Wed, Jan 15, 2025",10:30p,Brooklyn Nets,Los Angeles Clippers,1610612751,1610612746
"Thu, Jan 16, 2025",7:00p,Indiana Pacers,Detroit Pistons,1610612754,1610612765
"Thu, Jan 16, 2025",7:30p,Phoenix Suns,Washington Wizards,1610612756,1610612764
"Thu, Jan 16, 2025",8:00p,Cleveland Cavaliers,Oklahoma City Thunder,1610612739,1610612760
"Thu, Jan 16, 2025",10:00p,Los Angeles Clippers,Portland Trail Blazers,1610612746,1610612757
"Thu, Jan 16, 2025",10:00p,Houston Rockets,Sacramento Kings,1610612745,1610612758
"Fri, Jan 17, 2025",7:00p,Orlando Magic,Boston Celtics,1610612753,1610612738
"Fri, Jan 17, 2025",7:30p,Minnesota Timberwolves,New York Knicks,1610612750,1610612752
"Fri, Jan 17, 2025",8:00p,Denver Nuggets,Miami Heat,1610612743,1610612748
"Fri, Jan 17, 2025",8:00p,Toronto Raptors,Milwaukee Bucks,1610612761,1610612749
"Fri, Jan 17, 2025",8:00p,Utah Jazz,New Orleans Pelicans,1610612762,1610612740
"Fri, Jan 17, 2025",8:00p,Memphis Grizzlies,San Antonio Spurs,1610612763,1610612759
"Fri, Jan 17, 2025",8:30p,Oklahoma City Thunder,Dallas Mavericks,1610612760,1610612742
"Fri, Jan 17, 2025",9:30p,Charlotte Hornets,Chicago Bulls,1610612766,1610612741
"Fri, Jan 17, 2025",10:30p,Brooklyn Nets,Los Angeles Lakers,1610612751,1610612747
"Sat, Jan 18, 2025",5:00p,Phoenix Suns,Detroit Pistons,1610612756,1610612765
"Sat, Jan 18, 2025",7:00p,Atlanta Hawks,Boston Celtics,1610612737,1610612738
"Sat, Jan 18, 2025",7:00p,Philadelphia 76ers,Indiana Pacers,1610612755,1610612754
"Sat, Jan 18, 2025",8:30p,Washington Wizards,Golden State Warriors,1610612764,1610612744
"Sat, Jan 18, 2025",9:00p,Cleveland Cavaliers,Minnesota Timberwolves,1610612739,1610612750
"Sat, Jan 18, 2025",10:00p,Houston Rockets,Portland Trail Blazers,1610612745,1610612757
"Sun, Jan 19, 2025",3:00p,San Antonio Spurs,Miami Heat,1610612759,1610612748
"Sun, Jan 19, 2025",6:00p,Denver Nuggets,Orlando Magic,1610612743,1610612753
"Sun, Jan 19, 2025",7:00p,Philadelphia 76ers,Milwaukee Bucks,1610612755,1610612749
"Sun, Jan 19, 2025",7:00p,Brooklyn Nets,Oklahoma City Thunder,1610612751,1610612760
"Sun, Jan 19, 2025",9:00p,Los Angeles Lakers,Los Angeles Clippers,1610612747,1610612746
"Sun, Jan 19, 2025",9:00p,Chicago Bulls,Portland Trail Blazers,1610612741,1610612757
"Sun, Jan 19, 2025",9:00p,Washington Wizards,Sacramento Kings,1610612764,1610612758
"Mon, Jan 20, 2025",12:00p,Dallas Mavericks,Charlotte Hornets,1610612742,1610612766
"Mon, Jan 20, 2025",2:00p,Detroit Pistons,Houston Rockets,1610612765,1610612745
"Mon, Jan 20, 2025",2:30p,Minnesota Timberwolves,Memphis Grizzlies,1610612750,1610612763
"Mon, Jan 20, 2025",3:00p,Atlanta Hawks,New York Knicks,1610612737,1610612752
"Mon, Jan 20, 2025",3:30p,Phoenix Suns,Cleveland Cavaliers,1610612756,1610612739
"Mon, Jan 20, 2025",5:00p,Boston Celtics,Golden State Warriors,1610612738,1610612744
"Mon, Jan 20, 2025",8:00p,Utah Jazz,New Orleans Pelicans,1610612762,1610612740
"Tue, Jan 21, 2025",7:30p,New York Knicks,Brooklyn Nets,1610612752,1610612751
"Tue, Jan 21, 2025",7:30p,Portland Trail Blazers,Miami Heat,1610612757,1610612748
"Tue, Jan 21, 2025",7:30p,Orlando Magic,Toronto Raptors,1610612753,1610612761
"Tue, Jan 21, 2025",10:00p,Philadelphia 76ers,Denver Nuggets,1610612755,1610612743
"Tue, Jan 21, 2025",10:30p,Chicago Bulls,Los Angeles Clippers,1610612741,1610612746
"Tue, Jan 21, 2025",10:30p,Washington Wizards,Los Angeles Lakers,1610612764,1610612747
"Wed, Jan 22, 2025",7:30p,Detroit Pistons,Atlanta Hawks,1610612765,1610612737
"Wed, Jan 22, 2025",7:30p,Phoenix Suns,Brooklyn Nets,1610612756,1610612751
"Wed, Jan 22, 2025",7:30p,Minnesota Timberwolves,Dallas Mavericks,1610612750,1610612742
"Wed, Jan 22, 2025",8:00p,Cleveland Cavaliers,Houston Rockets,1610612739,1610612745
"Wed, Jan 22, 2025",8:00p,Charlotte Hornets,Memphis Grizzlies,1610612766,1610612763
"Wed, Jan 22, 2025",8:00p,Milwaukee Bucks,New Orleans Pelicans,1610612749,1610612740
"Wed, Jan 22, 2025",8:00p,Utah Jazz,Oklahoma City Thunder,1610612762,1610612760
"Wed, Jan 22, 2025",10:00p,Golden State Warriors,Sacramento Kings,1610612744,1610612758
"Wed, Jan 22, 2025",10:30p,Boston Celtics,Los Angeles Clippers,1610612738,1610612746
"Thu, Jan 23, 2025",2:00p,San Antonio Spurs,Indiana Pacers,1610612759,1610612754
"Thu, Jan 23, 2025",7:00p,Portland Trail Blazers,Orlando Magic,1610612757,1610612753
"Thu, Jan 23, 2025",7:30p,Toronto Raptors,Atlanta Hawks,1610612761,1610612737
"Thu, Jan 23, 2025",7:30p,Miami Heat,Milwaukee Bucks,1610612748,1610612749
"Thu, Jan 23, 2025",8:00p,Dallas Mavericks,Oklahoma City Thunder,1610612742,1610612760
"Thu, Jan 23, 2025",9:00p,Sacramento Kings,Denver Nuggets,1610612758,1610612743
"Thu, Jan 23, 2025",9:00p,Washington Wizards,Utah Jazz,1610612764,1610612762
"Thu, Jan 23, 2025",10:00p,Chicago Bulls,Golden State Warriors,1610612741,1610612744
"Thu, Jan 23, 2025",10:00p,Boston Celtics,Los Angeles Lakers,1610612738,1610612747
"Fri, Jan 24, 2025",7:00p,Portland Trail Blazers,Charlotte Hornets,1610612757,1610612766
"Fri, Jan 24, 2025",7:00p,Cleveland Cavaliers,Philadelphia 76ers,1610612739,1610612755
"Fri, Jan 24, 2025",8:00p,New Orleans Pelicans,Memphis Grizzlies,1610612740,1610612763
"Sat, Jan 25, 2025",12:00p,Indiana Pacers,San Antonio Spurs,1610612754,1610612759
"Sat, Jan 25, 2025",3:00p,Denver Nuggets,Minnesota Timberwolves,1610612743,1610612750
"Sat, Jan 25, 2025",5:30p,Boston Celtics,Dallas Mavericks,1610612738,1610612742
"Sat, Jan 25, 2025",6:00p,Miami Heat,Brooklyn Nets,1610612748,1610612751
"Sat, Jan 25, 2025",7:00p,New Orleans Pelicans,Charlotte Hornets,1610612740,1610612766
"Sat, Jan 25, 2025",7:00p,Detroit Pistons,Orlando Magic,1610612765,1610612753
"Sat, Jan 25, 2025",7:30p,Toronto Raptors,Atlanta Hawks,1610612761,1610612737
"Sat, Jan 25, 2025",7:30p,Houston Rockets,Cleveland Cavaliers,1610612745,1610612739
"Sat, Jan 25, 2025",7:30p,Sacramento Kings,New York Knicks,1610612758,1610612752
"Sat, Jan 25, 2025",8:00p,Philadelphia 76ers,Chicago Bulls,1610612755,1610612741
"Sat, Jan 25, 2025",8:00p,Utah Jazz,Memphis Grizzlies,1610612762,1610612763
"Sat, Jan 25, 2025",8:30p,Los Angeles Lakers,Golden State Warriors,1610612747,1610612744
"Sat, Jan 25, 2025",9:00p,Washington Wizards,Phoenix Suns,1610612764,1610612756
"Sat, Jan 25, 2025",10:30p,Milwaukee Bucks,Los Angeles Clippers,1610612749,1610612746
"Sun, Jan 26, 2025",6:00p,Oklahoma City Thunder,Portland Trail Blazers,1610612760,1610612757
"Mon, Jan 27, 2025",7:00p,Los Angeles Lakers,Charlotte Hornets,1610612747,1610612766
"Mon, Jan 27, 2025",7:00p,Detroit Pistons,Cleveland Cavaliers,1610612765,1610612739
"Mon, Jan 27, 2025",7:30p,Houston Rockets,Boston Celtics,1610612745,1610612738
"Mon, Jan 27, 2025",7:30p,Sacramento Kings,Brooklyn Nets,1610612758,1610612751
"Mon, Jan 27, 2025",7:30p,Orlando Magic,Miami Heat,1610612753,1610612748
"Mon, Jan 27, 2025",7:30p,Memphis Grizzlies,New York Knicks,1610612763,1610612752
"Mon, Jan 27, 2025",7:30p,New Orleans Pelicans,Toronto Raptors,1610612740,1610612761
"Mon, Jan 27, 2025",8:00p,Denver Nuggets,Chicago Bulls,1610612743,1610612741
"Mon, Jan 27, 2025",8:00p,Atlanta Hawks,Minnesota Timberwolves,1610612737,1610612750
"Mon, Jan 27, 2025",8:30p,Washington Wizards,Dallas Mavericks,1610612764,1610612742
"Mon, Jan 27, 2025",9:00p,Milwaukee Bucks,Utah Jazz,1610612749,1610612762
"Mon, Jan 27, 2025",9:30p,Los Angeles Clippers,Phoenix Suns,1610612746,1610612756
"Tue, Jan 28, 2025",7:30p,Los Angeles Lakers,Philadelphia 76ers,1610612747,1610612755
"Tue, Jan 28, 2025",10:00p,Utah Jazz,Golden State Warriors,1610612762,1610612744
"Tue, Jan 28, 2025",10:00p,Milwaukee Bucks,Portland Trail Blazers,1610612749,1610612757
"Wed, Jan 29, 2025",7:00p,Brooklyn Nets,Charlotte Hornets,1610612751,1610612766
"Wed, Jan 29, 2025",7:00p,Detroit Pistons,Indiana Pacers,1610612765,1610612754
"Wed, Jan 29, 2025",7:00p,Toronto Raptors,Washington Wizards,1610612761,1610612764
"Wed, Jan 29, 2025",7:30p,Chicago Bulls,Boston Celtics,1610612741,1610612738
"Wed, Jan 29, 2025",7:30p,Cleveland Cavaliers,Miami Heat,1610612739,1610612748
"Wed, Jan 29, 2025",7:30p,Denver Nuggets,New York Knicks,1610612743,1610612752
"Wed, Jan 29, 2025",7:30p,Sacramento Kings,Philadelphia 76ers,1610612758,1610612755
"Wed, Jan 29, 2025",8:00p,Dallas Mavericks,New Orleans Pelicans,1610612742,1610612740
"Wed, Jan 29, 2025",8:00p,Los Angeles Clippers,San Antonio Spurs,1610612746,1610612759
"Wed, Jan 29, 2025",9:00p,Minnesota Timberwolves,Phoenix Suns,1610612750,1610612756
"Wed, Jan 29, 2025",10:00p,Oklahoma City Thunder,Golden State Warriors,1610612760,1610612744
"Thu, Jan 30, 2025",7:00p,Los Angeles Lakers,Washington Wizards,1610612747,1610612764
"Thu, Jan 30, 2025",7:30p,Atlanta Hawks,Cleveland Cavaliers,1610612737,1610612739
"Thu, Jan 30, 2025",7:30p,Houston Rockets,Memphis Grizzlies,1610612745,1610612763
"Thu, Jan 30, 2025",10:00p,Orlando Magic,Portland Trail Blazers,1610612753,1610612757
"Thu, Jan 30, 2025",10:00p,Minnesota Timberwolves,Utah Jazz,1610612750,1610612762
"Fri, Jan 31, 2025",7:00p,Los Angeles Clippers,Charlotte Hornets,1610612746,1610612766
"Fri, Jan 31, 2025",7:00p,Dallas Mavericks,Detroit Pistons,1610612742,1610612765
"Fri, Jan 31, 2025",7:30p,Denver Nuggets,Philadelphia 76ers,1610612743,1610612755
"Fri, Jan 31, 2025",7:30p,Chicago Bulls,Toronto Raptors,1610612741,1610612761
"Fri, Jan 31, 2025",8:00p,Boston Celtics,New Orleans Pelicans,1610612738,1610612740
"Fri, Jan 31, 2025",8:00p,Milwaukee Bucks,San Antonio Spurs,1610612749,1610612759
"Fri, Jan 31, 2025",10:00p,Phoenix Suns,Golden State Warriors,1610612756,1610612744
"Sat, Feb 1, 2025",5:00p,Atlanta Hawks,Indiana Pacers,1610612737,1610612754
"Sat, Feb 1, 2025",5:00p,Orlando Magic,Utah Jazz,1610612753,1610612762
"Sat, Feb 1, 2025",7:00p,Denver Nuggets,Charlotte Hornets,1610612743,1610612766
"Sat, Feb 1, 2025",8:00p,Brooklyn Nets,Houston Rockets,1610612751,1610612745
"Sat, Feb 1, 2025",8:00p,Washington Wizards,Minnesota Timberwolves,1610612764,1610612750
"Sat, Feb 1, 2025",8:00p,Sacramento Kings,Oklahoma City Thunder,1610612758,1610612760
"Sat, Feb 1, 2025",8:30p,Los Angeles Lakers,New York Knicks,1610612747,1610612752
"Sat, Feb 1, 2025",8:30p,Miami Heat,San Antonio Spurs,1610612748,1610612759
"Sat, Feb 1, 2025",10:00p,Phoenix Suns,Portland Trail Blazers,1610612756,1610612757
"Sun, Feb 2, 2025",3:00p,Chicago Bulls,Detroit Pistons,1610612741,1610612765
"Sun, Feb 2, 2025",3:30p,Dallas Mavericks,Cleveland Cavaliers,1610612742,1610612739
"Sun, Feb 2, 2025",3:30p,Los Angeles Clippers,Toronto Raptors,1610612746,1610612761
"Sun, Feb 2, 2025",6:00p,Boston Celtics,Philadelphia 76ers,1610612738,1610612755
"Sun, Feb 2, 2025",8:30p,Memphis Grizzlies,Milwaukee Bucks,1610612763,1610612749
"Mon, Feb 3, 2025",7:00p,Washington Wizards,Charlotte Hornets,1610612764,1610612766
"Mon, Feb 3, 2025",7:00p,Atlanta Hawks,Detroit Pistons,1610612737,1610612765
"Mon, Feb 3, 2025",7:30p,Houston Rockets,New York Knicks,1610612745,1610612752
"Mon, Feb 3, 2025",8:00p,San Antonio Spurs,Memphis Grizzlies,1610612759,1610612763
"Mon, Feb 3, 2025",8:00p,Sacramento Kings,Minnesota Timberwolves,1610612758,1610612750
"Mon, Feb 3, 2025",8:00p,Milwaukee Bucks,Oklahoma City Thunder,1610612749,1610612760
"Mon, Feb 3, 2025",9:00p,New Orleans Pelicans,Denver Nuggets,1610612740,1610612743
"Mon, Feb 3, 2025",9:00p,Indiana Pacers,Utah Jazz,1610612754,1610612762
"Mon, Feb 3, 2025",10:00p,Orlando Magic,Golden State Warriors,1610612753,1610612744
"Mon, Feb 3, 2025",10:00p,Phoenix Suns,Portland Trail Blazers,1610612756,1610612757
"Tue, Feb 4, 2025",7:00p,Boston Celtics,Cleveland Cavaliers,1610612738,1610612739
"Tue, Feb 4, 2025",7:30p,Houston Rockets,Brooklyn Nets,1610612745,1610612751
"Tue, Feb 4, 2025",7:30p,Dallas Mavericks,Philadelphia 76ers,1610612742,1610612755
"Tue, Feb 4, 2025",7:30p,New York Knicks,Toronto Raptors,1610612752,1610612761
"Tue, Feb 4, 2025",8:00p,Miami Heat,Chicago Bulls,1610612748,1610612741
"Tue, Feb 4, 2025",10:00p,Los Angeles Lakers,Los Angeles Clippers,1610612747,1610612746
"Tue, Feb 4, 2025",10:00p,Indiana Pacers,Portland Trail Blazers,1610612754,1610612757
"Wed, Feb 5, 2025",7:00p,Milwaukee Bucks,Charlotte Hornets,1610612749,1610612766
"Wed, Feb 5, 2025",7:00p,Cleveland Cavaliers,Detroit Pistons,1610612739,1610612765
"Wed, Feb 5, 2025",7:30p,San Antonio Spurs,Atlanta Hawks,1610612759,1610612737
"Wed, Feb 5, 2025",7:30p,Washington Wizards,Brooklyn Nets,1610612764,1610612751
"Wed, Feb 5, 2025",7:30p,Miami Heat,Philadelphia 76ers,1610612748,1610612755
"Wed, Feb 5, 2025",7:30p,Memphis Grizzlies,Toronto Raptors,1610612763,1610612761
"Wed, Feb 5, 2025",8:00p,Chicago Bulls,Minnesota Timberwolves,1610612741,1610612750
"Wed, Feb 5, 2025",8:00p,Phoenix Suns,Oklahoma City Thunder,1610612756,1610612760
"Wed, Feb 5, 2025",9:00p,Golden State Warriors,Utah Jazz,1610612744,1610612762
"Wed, Feb 5, 2025",10:00p,New Orleans Pelicans,Denver Nuggets,1610612740,1610612743
"Wed, Feb 5, 2025",10:00p,Orlando Magic,Sacramento Kings,1610612753,1610612758
"Thu, Feb 6, 2025",7:30p,Dallas Mavericks,Boston Celtics,1610612742,1610612738
"Thu, Feb 6, 2025",8:00p,Houston Rockets,Minnesota Timberwolves,1610612745,1610612750
"Thu, Feb 6, 2025",9:00p,Orlando Magic,Denver Nuggets,1610612753,1610612743
"Thu, Feb 6, 2025",10:00p,Golden State Warriors,Los Angeles Lakers,1610612744,1610612747
"Thu, Feb 6, 2025",10:00p,Sacramento Kings,Portland Trail Blazers,1610612758,1610612757
"Thu, Feb 6, 2025",10:30p,Indiana Pacers,Los Angeles Clippers,1610612754,1610612746
"Fri, Feb 7, 2025",7:00p,San Antonio Spurs,Charlotte Hornets,1610612759,1610612766
"Fri, Feb 7, 2025",7:00p,Cleveland Cavaliers,Washington Wizards,1610612739,1610612764
"Fri, Feb 7, 2025",7:30p,Milwaukee Bucks,Atlanta Hawks,1610612749,1610612737
"Fri, Feb 7, 2025",7:30p,Miami Heat,Brooklyn Nets,1610612748,1610612751
"Fri, Feb 7, 2025",7:30p,Philadelphia 76ers,Detroit Pistons,1610612755,1610612765
"Fri, Feb 7, 2025",8:00p,Toronto Raptors,Oklahoma City Thunder,1610612761,1610612760
"Fri, Feb 7, 2025",10:00p,Utah Jazz,Phoenix Suns,1610612762,1610612756
"Sat, Feb 8, 2025",3:00p,Houston Rockets,Dallas Mavericks,1610612745,1610612742
"Sat, Feb 8, 2025",4:00p,Indiana Pacers,Los Angeles Lakers,1610612754,1610612747
"Sat, Feb 8, 2025",7:00p,San Antonio Spurs,Orlando Magic,1610612759,1610612753
"Sat, Feb 8, 2025",7:00p,Atlanta Hawks,Washington Wizards,1610612737,1610612764
"Sat, Feb 8, 2025",8:00p,Golden State Warriors,Chicago Bulls,1610612744,1610612741
"Sat, Feb 8, 2025",8:00p,Oklahoma City Thunder,Memphis Grizzlies,1610612760,1610612763
"Sat, Feb 8, 2025",8:00p,Portland Trail Blazers,Minnesota Timberwolves,1610612757,1610612750
"Sat, Feb 8, 2025",8:30p,Boston Celtics,New York Knicks,1610612738,1610612752
"Sat, Feb 8, 2025",9:00p,Denver Nuggets,Phoenix Suns,1610612743,1610612756
"Sat, Feb 8, 2025",10:00p,New Orleans Pelicans,Sacramento Kings,1610612740,1610612758
"Sat, Feb 8, 2025",10:30p,Utah Jazz,Los Angeles Clippers,1610612762,1610612746
"Sun, Feb 9, 2025",1:00p,Charlotte Hornets,Detroit Pistons,1610612766,1610612765
"Sun, Feb 9, 2025",2:00p,Toronto Raptors,Houston Rockets,1610612761,1610612745
"Sun, Feb 9, 2025",2:00p,Philadelphia 76ers,Milwaukee Bucks,1610612755,1610612749
"Mon, Feb 10, 2025",7:00p,Minnesota Timberwolves,Cleveland Cavaliers,1610612750,1610612739
"Mon, Feb 10, 2025",7:00p,Atlanta Hawks,Orlando Magic,1610612737,1610612753
"Mon, Feb 10, 2025",7:00p,San Antonio Spurs,Washington Wizards,1610612759,1610612764
"Mon, Feb 10, 2025",7:30p,Charlotte Hornets,Brooklyn Nets,1610612766,1610612751
"Mon, Feb 10, 2025",7:30p,Boston Celtics,Miami Heat,1610612738,1610612748
"Mon, Feb 10, 2025",8:00p,Golden State Warriors,Milwaukee Bucks,1610612744,1610612749
"Mon, Feb 10, 2025",8:00p,New Orleans Pelicans,Oklahoma City Thunder,1610612740,1610612760
"Mon, Feb 10, 2025",8:30p,Sacramento Kings,Dallas Mavericks,1610612758,1610612742
"Mon, Feb 10, 2025",9:00p,Portland Trail Blazers,Denver Nuggets,1610612757,1610612743
"Tue, Feb 11, 2025",7:00p,Toronto Raptors,Philadelphia 76ers,1610612761,1610612755
"Tue, Feb 11, 2025",7:30p,New York Knicks,Indiana Pacers,1610612752,1610612754
"Tue, Feb 11, 2025",8:00p,Detroit Pistons,Chicago Bulls,1610612765,1610612741
"Tue, Feb 11, 2025",10:00p,Memphis Grizzlies,Phoenix Suns,1610612763,1610612756
"Tue, Feb 11, 2025",10:30p,Utah Jazz,Los Angeles Lakers,1610612762,1610612747
"Wed, Feb 12, 2025",7:00p,San Antonio Spurs,Boston Celtics,1610612759,1610612738
"Wed, Feb 12, 2025",7:00p,Charlotte Hornets,Orlando Magic,1610612766,1610612753
"Wed, Feb 12, 2025",7:00p,Indiana Pacers,Washington Wizards,1610612754,1610612764
"Wed, Feb 12, 2025",7:30p,Philadelphia 76ers,Brooklyn Nets,1610612755,1610612751
"Wed, Feb 12, 2025",7:30p,Atlanta Hawks,New York Knicks,1610612737,1610612752
"Wed, Feb 12, 2025",7:30p,Cleveland Cavaliers,Toronto Raptors,1610612739,1610612761
"Wed, Feb 12, 2025",8:00p,Detroit Pistons,Chicago Bulls,1610612765,1610612741
"Wed, Feb 12, 2025",8:00p,Milwaukee Bucks,Minnesota Timberwolves,1610612749,1610612750
"Wed, Feb 12, 2025",8:00p,Sacramento Kings,New Orleans Pelicans,1610612758,1610612740
"Wed, Feb 12, 2025",8:00p,Miami Heat,Oklahoma City Thunder,1610612748,1610612760
"Wed, Feb 12, 2025",8:30p,Phoenix Suns,Houston Rockets,1610612756,1610612745
"Wed, Feb 12, 2025",9:00p,Portland Trail Blazers,Denver Nuggets,1610612757,1610612743
"Wed, Feb 12, 2025",9:00p,Los Angeles Lakers,Utah Jazz,1610612747,1610612762
"Wed, Feb 12, 2025",9:30p,Golden State Warriors,Dallas Mavericks,1610612744,1610612742
"Wed, Feb 12, 2025",10:30p,Memphis Grizzlies,Los Angeles Clippers,1610612763,1610612746
"Thu, Feb 13, 2025",8:00p,Golden State Warriors,Houston Rockets,1610612744,1610612745
"Thu, Feb 13, 2025",8:00p,Sacramento Kings,New Orleans Pelicans,1610612758,1610612740
"Thu, Feb 13, 2025",8:30p,Miami Heat,Dallas Mavericks,1610612748,1610612742
"Thu, Feb 13, 2025",8:30p,Oklahoma City Thunder,Minnesota Timberwolves,1610612760,1610612750
"Thu, Feb 20, 2025",7:00p,Memphis Grizzlies,Indiana Pacers,1610612763,1610612754
"Thu, Feb 20, 2025",7:00p,Boston Celtics,Philadelphia 76ers,1610612738,1610612755
"Thu, Feb 20, 2025",7:30p,Orlando Magic,Atlanta Hawks,1610612753,1610612737
"Thu, Feb 20, 2025",7:30p,Cleveland Cavaliers,Brooklyn Nets,1610612739,1610612751
"Thu, Feb 20, 2025",7:30p,Chicago Bulls,New York Knicks,1610612741,1610612752
"Thu, Feb 20, 2025",8:00p,Los Angeles Clippers,Milwaukee Bucks,1610612746,1610612749
"Thu, Feb 20, 2025",9:00p,Charlotte Hornets,Denver Nuggets,1610612766,1610612743
"Thu, Feb 20, 2025",9:30p,Phoenix Suns,San Antonio Spurs,1610612756,1610612759
"Thu, Feb 20, 2025",10:00p,Los Angeles Lakers,Portland Trail Blazers,1610612747,1610612757
"Fri, Feb 21, 2025",7:00p,New York Knicks,Cleveland Cavaliers,1610612752,1610612739
"Fri, Feb 21, 2025",7:00p,Memphis Grizzlies,Orlando Magic,1610612763,1610612753
"Fri, Feb 21, 2025",7:00p,Milwaukee Bucks,Washington Wizards,1610612749,1610612764
"Fri, Feb 21, 2025",7:30p,Miami Heat,Toronto Raptors,1610612748,1610612761
"Fri, Feb 21, 2025",8:00p,Minnesota Timberwolves,Houston Rockets,1610612750,1610612745
"Fri, Feb 21, 2025",8:30p,Detroit Pistons,San Antonio Spurs,1610612765,1610612759
"Fri, Feb 21, 2025",9:30p,New Orleans Pelicans,Dallas Mavericks,1610612740,1610612742
"Fri, Feb 21, 2025",9:30p,Oklahoma City Thunder,Utah Jazz,1610612760,1610612762
"Fri, Feb 21, 2025",10:00p,Golden State Warriors,Sacramento Kings,1610612744,1610612758
"Sat, Feb 22, 2025",5:00p,Phoenix Suns,Chicago Bulls,1610612756,1610612741
"Sat, Feb 22, 2025",7:30p,Brooklyn Nets,Philadelphia 76ers,1610612751,1610612755
"Sat, Feb 22, 2025",8:30p,Los Angeles Lakers,Denver Nuggets,1610612747,1610612743
"Sat, Feb 22, 2025",9:30p,Houston Rockets,Utah Jazz,1610612745,1610612762
"Sat, Feb 22, 2025",10:00p,Charlotte Hornets,Portland Trail Blazers,1610612766,1610612757
"Sun, Feb 23, 2025",1:00p,New York Knicks,Boston Celtics,1610612752,1610612738
"Sun, Feb 23, 2025",3:30p,Dallas Mavericks,Golden State Warriors,1610612742,1610612744
"Sun, Feb 23, 2025",5:00p,Los Angeles Clippers,Indiana Pacers,1610612746,1610612754
"Sun, Feb 23, 2025",6:00p,Detroit Pistons,Atlanta Hawks,1610612765,1610612737
"Sun, Feb 23, 2025",6:00p,Washington Wizards,Orlando Magic,1610612764,1610612753
"Sun, Feb 23, 2025",6:00p,Phoenix Suns,Toronto Raptors,1610612756,1610612761
"Sun, Feb 23, 2025",7:00p,Miami Heat,Milwaukee Bucks,1610612748,1610612749
"Sun, Feb 23, 2025",7:00p,San Antonio Spurs,New Orleans Pelicans,1610612759,1610612740
"Sun, Feb 23, 2025",7:30p,Memphis Grizzlies,Cleveland Cavaliers,1610612763,1610612739
"Sun, Feb 23, 2025",9:30p,Oklahoma City Thunder,Minnesota Timberwolves,1610612760,1610612750
"Mon, Feb 24, 2025",7:00p,Los Angeles Clippers,Detroit Pistons,1610612746,1610612765
"Mon, Feb 24, 2025",7:00p,Denver Nuggets,Indiana Pacers,1610612743,1610612754
"Mon, Feb 24, 2025",7:00p,Chicago Bulls,Philadelphia 76ers,1610612741,1610612755
"Mon, Feb 24, 2025",7:00p,Brooklyn Nets,Washington Wizards,1610612751,1610612764
"Mon, Feb 24, 2025",7:30p,Miami Heat,Atlanta Hawks,1610612748,1610612737
"Mon, Feb 24, 2025",8:00p,Minnesota Timberwolves,Oklahoma City Thunder,1610612750,1610612760
"Mon, Feb 24, 2025",9:00p,Portland Trail Blazers,Utah Jazz,1610612757,1610612762
"Mon, Feb 24, 2025",10:00p,Charlotte Hornets,Sacramento Kings,1610612766,1610612758
"Tue, Feb 25, 2025",7:00p,Boston Celtics,Toronto Raptors,1610612738,1610612761
"Tue, Feb 25, 2025",7:30p,Cleveland Cavaliers,Orlando Magic,1610612739,1610612753
"Tue, Feb 25, 2025",8:00p,Milwaukee Bucks,Houston Rockets,1610612749,1610612745
"Tue, Feb 25, 2025",8:00p,Phoenix Suns,Memphis Grizzlies,1610612756,1610612763
"Tue, Feb 25, 2025",8:00p,San Antonio Spurs,New Orleans Pelicans,1610612759,1610612740
"Tue, Feb 25, 2025",10:00p,Charlotte Hornets,Golden State Warriors,1610612766,1610612744
"Tue, Feb 25, 2025",10:00p,Dallas Mavericks,Los Angeles Lakers,1610612742,1610612747
"Wed, Feb 26, 2025",7:00p,Boston Celtics,Detroit Pistons,1610612738,1610612765
"Wed, Feb 26, 2025",7:00p,Toronto Raptors,Indiana Pacers,1610612761,1610612754
"Wed, Feb 26, 2025",7:00p,Philadelphia 76ers,New York Knicks,1610612755,1610612752
"Wed, Feb 26, 2025",7:00p,Portland Trail Blazers,Washington Wizards,1610612757,1610612764
"Wed, Feb 26, 2025",7:30p,Oklahoma City Thunder,Brooklyn Nets,1610612760,1610612751
"Wed, Feb 26, 2025",7:30p,Atlanta Hawks,Miami Heat,1610612737,1610612748
"Wed, Feb 26, 2025",8:00p,Los Angeles Clippers,Chicago Bulls,1610612746,1610612741
"Wed, Feb 26, 2025",9:00p,Sacramento Kings,Utah Jazz,1610612758,1610612762
"Wed, Feb 26, 2025",9:30p,San Antonio Spurs,Houston Rockets,1610612759,1610612745
"Thu, Feb 27, 2025",7:00p,Golden State Warriors,Orlando Magic,1610612744,1610612753
"Thu, Feb 27, 2025",7:30p,Denver Nuggets,Milwaukee Bucks,1610612743,1610612749
"Thu, Feb 27, 2025",8:30p,Charlotte Hornets,Dallas Mavericks,1610612766,1610612742
"Thu, Feb 27, 2025",10:00p,New Orleans Pelicans,Phoenix Suns,1610612740,1610612756
"Thu, Feb 27, 2025",10:30p,Minnesota Timberwolves,Los Angeles Lakers,1610612750,1610612747
"Fri, Feb 28, 2025",7:00p,Denver Nuggets,Detroit Pistons,1610612743,1610612765
"Fri, Feb 28, 2025",7:30p,Oklahoma City Thunder,Atlanta Hawks,1610612760,1610612737
"Fri, Feb 28, 2025",7:30p,Cleveland Cavaliers,Boston Celtics,1610612739,1610612738
"Fri, Feb 28, 2025",7:30p,Portland Trail Blazers,Brooklyn Nets,1610612757,1610612751
"Fri, Feb 28, 2025",8:00p,Toronto Raptors,Chicago Bulls,1610612761,1610612741
"Fri, Feb 28, 2025",8:00p,New York Knicks,Memphis Grizzlies,1610612752,1610612763
"Fri, Feb 28, 2025",8:00p,Indiana Pacers,Miami Heat,1610612754,1610612748
"Fri, Feb 28, 2025",9:00p,New Orleans Pelicans,Phoenix Suns,1610612740,1610612756
"Fri, Feb 28, 2025",9:30p,Minnesota Timberwolves,Utah Jazz,1610612750,1610612762
"Fri, Feb 28, 2025",10:00p,Los Angeles Clippers,Los Angeles Lakers,1610612746,1610612747
"Sat, Mar 1, 2025",6:00p,Washington Wizards,Charlotte Hornets,1610612764,1610612766
"Sat, Mar 1, 2025",7:00p,Brooklyn Nets,Detroit Pistons,1610612751,1610612765
"Sat, Mar 1, 2025",8:00p,Sacramento Kings,Houston Rockets,1610612758,1610612745
"Sat, Mar 1, 2025",8:00p,San Antonio Spurs,Memphis Grizzlies,1610612759,1610612763
"Sat, Mar 1, 2025",8:30p,Milwaukee Bucks,Dallas Mavericks,1610612749,1610612742
"Sat, Mar 1, 2025",8:30p,Golden State Warriors,Philadelphia 76ers,1610612744,1610612755
"Sun, Mar 2, 2025",1:00p,Denver Nuggets,Boston Celtics,1610612743,1610612738
"Sun, Mar 2, 2025",3:30p,Portland Trail Blazers,Cleveland Cavaliers,1610612757,1610612739
"Sun, Mar 2, 2025",5:00p,Chicago Bulls,Indiana Pacers,1610612741,1610612754
"Sun, Mar 2, 2025",6:00p,New York Knicks,Miami Heat,1610612752,1610612748
"Sun, Mar 2, 2025",6:00p,Toronto Raptors,Orlando Magic,1610612761,1610612753
"Sun, Mar 2, 2025",7:00p,Oklahoma City Thunder,San Antonio Spurs,1610612760,1610612759
"Sun, Mar 2, 2025",8:00p,New Orleans Pelicans,Utah Jazz,1610612740,1610612762
"Sun, Mar 2, 2025",9:30p,Los Angeles Clippers,Los Angeles Lakers,1610612746,1610612747
"Sun, Mar 2, 2025",9:30p,Minnesota Timberwolves,Phoenix Suns,1610612750,1610612756
"Mon, Mar 3, 2025",7:00p,Golden State Warriors,Charlotte Hornets,1610612744,1610612766
"Mon, Mar 3, 2025",7:00p,Portland Trail Blazers,Philadelphia 76ers,1610612757,1610612755
"Mon, Mar 3, 2025",7:30p,Washington Wizards,Miami Heat,1610612764,1610612748
"Mon, Mar 3, 2025",8:00p,Atlanta Hawks,Memphis Grizzlies,1610612737,1610612763
"Mon, Mar 3, 2025",8:00p,Houston Rockets,Oklahoma City Thunder,1610612745,1610612760
"Mon, Mar 3, 2025",8:30p,Sacramento Kings,Dallas Mavericks,1610612758,1610612742
"Mon, Mar 3, 2025",9:30p,Detroit Pistons,Utah Jazz,1610612765,1610612762
"Tue, Mar 4, 2025",7:00p,Houston Rockets,Indiana Pacers,1610612745,1610612754
"Tue, Mar 4, 2025",7:00p,Toronto Raptors,Orlando Magic,1610612761,1610612753
"Tue, Mar 4, 2025",7:30p,Milwaukee Bucks,Atlanta Hawks,1610612749,1610612737
"Tue, Mar 4, 2025",7:30p,Golden State Warriors,New York Knicks,1610612744,1610612752
"Tue, Mar 4, 2025",8:00p,Cleveland Cavaliers,Chicago Bulls,1610612739,1610612741
"Tue, Mar 4, 2025",8:00p,Philadelphia 76ers,Minnesota Timberwolves,1610612755,1610612750
"Tue, Mar 4, 2025",8:30p,Brooklyn Nets,San Antonio Spurs,1610612751,1610612759
"Tue, Mar 4, 2025",10:00p,Los Angeles Clippers,Phoenix Suns,1610612746,1610612756
"Tue, Mar 4, 2025",10:30p,New Orleans Pelicans,Los Angeles Lakers,1610612740,1610612747
"Wed, Mar 5, 2025",7:00p,Portland Trail Blazers,Boston Celtics,1610612757,1610612738
"Wed, Mar 5, 2025",7:00p,Minnesota Timberwolves,Charlotte Hornets,1610612750,1610612766
"Wed, Mar 5, 2025",7:00p,Miami Heat,Cleveland Cavaliers,1610612748,1610612739
"Wed, Mar 5, 2025",7:00p,Utah Jazz,Washington Wizards,1610612762,1610612764
"Wed, Mar 5, 2025",8:00p,Oklahoma City Thunder,Memphis Grizzlies,1610612760,1610612763
"Wed, Mar 5, 2025",9:00p,Sacramento Kings,Denver Nuggets,1610612758,1610612743
"Wed, Mar 5, 2025",9:30p,Dallas Mavericks,Milwaukee Bucks,1610612742,1610612749
"Wed, Mar 5, 2025",10:30p,Detroit Pistons,Los Angeles Clippers,1610612765,1610612746
"Thu, Mar 6, 2025",7:30p,Indiana Pacers,Atlanta Hawks,1610612754,1610612737
"Thu, Mar 6, 2025",7:30p,Philadelphia 76ers,Boston Celtics,1610612755,1610612738
"Thu, Mar 6, 2025",7:30p,Golden State Warriors,Brooklyn Nets,1610612744,1610612751
"Thu, Mar 6, 2025",8:00p,Houston Rockets,New Orleans Pelicans,1610612745,1610612740
"Thu, Mar 6, 2025",10:00p,New York Knicks,Los Angeles Lakers,1610612752,1610612747
"Fri, Mar 7, 2025",7:00p,Cleveland Cavaliers,Charlotte Hornets,1610612739,1610612766
"Fri, Mar 7, 2025",7:30p,Memphis Grizzlies,Dallas Mavericks,1610612763,1610612742
"Fri, Mar 7, 2025",7:30p,Utah Jazz,Toronto Raptors,1610612762,1610612761
"Fri, Mar 7, 2025",8:00p,Minnesota Timberwolves,Miami Heat,1610612750,1610612748
"Fri, Mar 7, 2025",8:00p,Portland Trail Blazers,Oklahoma City Thunder,1610612757,1610612760
"Fri, Mar 7, 2025",10:00p,Phoenix Suns,Denver Nuggets,1610612756,1610612743
"Fri, Mar 7, 2025",10:00p,San Antonio Spurs,Sacramento Kings,1610612759,1610612758
"Fri, Mar 7, 2025",10:30p,New York Knicks,Los Angeles Clippers,1610612752,1610612746
"Sat, Mar 8, 2025",6:00p,Brooklyn Nets,Charlotte Hornets,1610612751,1610612766
"Sat, Mar 8, 2025",7:00p,New Orleans Pelicans,Houston Rockets,1610612740,1610612745
"Sat, Mar 8, 2025",7:30p,Indiana Pacers,Atlanta Hawks,1610612754,1610612737
"Sat, Mar 8, 2025",7:30p,Washington Wizards,Toronto Raptors,1610612764,1610612761
"Sat, Mar 8, 2025",8:00p,Chicago Bulls,Miami Heat,1610612741,1610612748
"Sat, Mar 8, 2025",8:00p,Orlando Magic,Milwaukee Bucks,1610612753,1610612749
"Sat, Mar 8, 2025",8:30p,Los Angeles Lakers,Boston Celtics,1610612747,1610612738
"Sat, Mar 8, 2025",8:30p,Detroit Pistons,Golden State Warriors,1610612765,1610612744
"Sun, Mar 9, 2025",1:00p,Denver Nuggets,Oklahoma City Thunder,1610612743,1610612760
"Sun, Mar 9, 2025",3:30p,Phoenix Suns,Dallas Mavericks,1610612756,1610612742
"Sun, Mar 9, 2025",7:00p,Cleveland Cavaliers,Milwaukee Bucks,1610612739,1610612749
"Sun, Mar 9, 2025",7:00p,Memphis Grizzlies,New Orleans Pelicans,1610612763,1610612740
"Sun, Mar 9, 2025",7:30p,Utah Jazz,Philadelphia 76ers,1610612762,1610612755
"Sun, Mar 9, 2025",8:00p,San Antonio Spurs,Minnesota Timberwolves,1610612759,1610612750
"Sun, Mar 9, 2025",9:00p,Detroit Pistons,Portland Trail Blazers,1610612765,1610612757
"Sun, Mar 9, 2025",9:30p,Sacramento Kings,Los Angeles Clippers,1610612758,1610612746
"Mon, Mar 10, 2025",7:30p,Philadelphia 76ers,Atlanta Hawks,1610612755,1610612737
"Mon, Mar 10, 2025",7:30p,Utah Jazz,Boston Celtics,1610612762,1610612738
"Mon, Mar 10, 2025",7:30p,Los Angeles Lakers,Brooklyn Nets,1610612747,1610612751
"Mon, Mar 10, 2025",7:30p,Charlotte Hornets,Miami Heat,1610612766,1610612748
"Mon, Mar 10, 2025",7:30p,Washington Wizards,Toronto Raptors,1610612764,1610612761
"Mon, Mar 10, 2025",8:00p,Indiana Pacers,Chicago Bulls,1610612754,1610612741
"Mon, Mar 10, 2025",8:00p,Orlando Magic,Houston Rockets,1610612753,1610612745
"Mon, Mar 10, 2025",8:00p,Phoenix Suns,Memphis Grizzlies,1610612756,1610612763
"Mon, Mar 10, 2025",8:00p,Denver Nuggets,Oklahoma City Thunder,1610612743,1610612760
"Mon, Mar 10, 2025",8:30p,Dallas Mavericks,San Antonio Spurs,1610612742,1610612759
"Mon, Mar 10, 2025",10:00p,Portland Trail Blazers,Golden State Warriors,1610612757,1610612744
"Mon, Mar 10, 2025",10:30p,New York Knicks,Sacramento Kings,1610612752,1610612758
"Tue, Mar 11, 2025",7:00p,Brooklyn Nets,Cleveland Cavaliers,1610612751,1610612739
"Tue, Mar 11, 2025",7:00p,Washington Wizards,Detroit Pistons,1610612764,1610612765
"Tue, Mar 11, 2025",7:00p,Milwaukee Bucks,Indiana Pacers,1610612749,1610612754
"Tue, Mar 11, 2025",9:30p,Los Angeles Clippers,New Orleans Pelicans,1610612746,1610612740
"Wed, Mar 12, 2025",7:00p,Chicago Bulls,Orlando Magic,1610612741,1610612753
"Wed, Mar 12, 2025",7:30p,Charlotte Hornets,Atlanta Hawks,1610612766,1610612737
"Wed, Mar 12, 2025",7:30p,Oklahoma City Thunder,Boston Celtics,1610612760,1610612738
"Wed, Mar 12, 2025",7:30p,Philadelphia 76ers,Toronto Raptors,1610612755,1610612761
"Wed, Mar 12, 2025",8:00p,Phoenix Suns,Houston Rockets,1610612756,1610612745
"Wed, Mar 12, 2025",8:00p,Utah Jazz,Memphis Grizzlies,1610612762,1610612763
"Wed, Mar 12, 2025",8:00p,Los Angeles Clippers,Miami Heat,1610612746,1610612748
"Wed, Mar 12, 2025",8:00p,Dallas Mavericks,San Antonio Spurs,1610612742,1610612759
"Wed, Mar 12, 2025",10:00p,Minnesota Timberwolves,Denver Nuggets,1610612750,1610612743
"Wed, Mar 12, 2025",10:00p,New York Knicks,Portland Trail Blazers,1610612752,1610612757
"Thu, Mar 13, 2025",7:00p,Washington Wizards,Detroit Pistons,1610612764,1610612765
"Thu, Mar 13, 2025",7:30p,Los Angeles Lakers,Milwaukee Bucks,1610612747,1610612749
"Thu, Mar 13, 2025",8:00p,Brooklyn Nets,Chicago Bulls,1610612751,1610612741
"Thu, Mar 13, 2025",10:00p,Sacramento Kings,Golden State Warriors,1610612758,1610612744
"Fri, Mar 14, 2025",7:00p,Boston Celtics,Miami Heat,1610612738,1610612748
"Fri, Mar 14, 2025",7:00p,Indiana Pacers,Philadelphia 76ers,1610612754,1610612755
"Fri, Mar 14, 2025",7:30p,Los Angeles Clippers,Atlanta Hawks,1610612746,1610612737
"Fri, Mar 14, 2025",8:00p,Dallas Mavericks,Houston Rockets,1610612742,1610612745
"Fri, Mar 14, 2025",8:00p,Cleveland Cavaliers,Memphis Grizzlies,1610612739,1610612763
"Fri, Mar 14, 2025",8:00p,Orlando Magic,Minnesota Timberwolves,1610612753,1610612750
"Fri, Mar 14, 2025",8:00p,Charlotte Hornets,San Antonio Spurs,1610612766,1610612759
"Fri, Mar 14, 2025",9:30p,Los Angeles Lakers,Denver Nuggets,1610612747,1610612743
"Fri, Mar 14, 2025",9:30p,Toronto Raptors,Utah Jazz,1610612761,1610612762
"Fri, Mar 14, 2025",10:00p,Sacramento Kings,Phoenix Suns,1610612758,1610612756
"Sat, Mar 15, 2025",6:00p,Boston Celtics,Brooklyn Nets,1610612738,1610612751
"Sat, Mar 15, 2025",7:00p,Oklahoma City Thunder,Detroit Pistons,1610612760,1610612765
"Sat, Mar 15, 2025",8:00p,Chicago Bulls,Houston Rockets,1610612741,1610612745
"Sat, Mar 15, 2025",8:00p,Miami Heat,Memphis Grizzlies,1610612748,1610612763
"Sat, Mar 15, 2025",8:00p,Indiana Pacers,Milwaukee Bucks,1610612754,1610612749
"Sat, Mar 15, 2025",8:30p,New York Knicks,Golden State Warriors,1610612752,1610612744
"Sat, Mar 15, 2025",8:30p,New Orleans Pelicans,San Antonio Spurs,1610612740,1610612759
"Sat, Mar 15, 2025",9:00p,Washington Wizards,Denver Nuggets,1610612764,1610612743
"Sun, Mar 16, 2025",1:00p,Philadelphia 76ers,Dallas Mavericks,1610612755,1610612742
"Sun, Mar 16, 2025",3:30p,Phoenix Suns,Los Angeles Lakers,1610612756,1610612747
"Sun, Mar 16, 2025",6:00p,Atlanta Hawks,Brooklyn Nets,1610612737,1610612751
"Sun, Mar 16, 2025",6:00p,Orlando Magic,Cleveland Cavaliers,1610612753,1610612739
"Sun, Mar 16, 2025",6:00p,Toronto Raptors,Portland Trail Blazers,1610612761,1610612757
"Sun, Mar 16, 2025",7:00p,Utah Jazz,Minnesota Timberwolves,1610612762,1610612750
"Sun, Mar 16, 2025",9:00p,Oklahoma City Thunder,Milwaukee Bucks,1610612760,1610612749
"Sun, Mar 16, 2025",10:00p,Washington Wizards,Los Angeles Clippers,1610612764,1610612746
"Mon, Mar 17, 2025",7:30p,Miami Heat,New York Knicks,1610612748,1610612752
"Mon, Mar 17, 2025",8:00p,Philadelphia 76ers,Houston Rockets,1610612755,1610612745
"Mon, Mar 17, 2025",8:00p,Indiana Pacers,Minnesota Timberwolves,1610612754,1610612750
"Mon, Mar 17, 2025",8:00p,Detroit Pistons,New Orleans Pelicans,1610612765,1610612740
"Mon, Mar 17, 2025",8:00p,Orlando Magic,San Antonio Spurs,1610612753,1610612759
"Mon, Mar 17, 2025",9:00p,Chicago Bulls,Utah Jazz,1610612741,1610612762
"Mon, Mar 17, 2025",10:00p,Denver Nuggets,Golden State Warriors,1610612743,1610612744
"Mon, Mar 17, 2025",10:00p,Toronto Raptors,Phoenix Suns,1610612761,1610612756
"Mon, Mar 17, 2025",10:00p,Memphis Grizzlies,Sacramento Kings,1610612763,1610612758
"Tue, Mar 18, 2025",7:00p,Atlanta Hawks,Charlotte Hornets,1610612737,1610612766
"Tue, Mar 18, 2025",7:30p,Brooklyn Nets,Boston Celtics,1610612751,1610612738
"Tue, Mar 18, 2025",10:00p,Washington Wizards,Portland Trail Blazers,1610612764,1610612757
"Tue, Mar 18, 2025",10:30p,Cleveland Cavaliers,Los Angeles Clippers,1610612739,1610612746
"Tue, Mar 18, 2025",10:30p,Milwaukee Bucks,Los Angeles Lakers,1610612749,1610612747
"Wed, Mar 19, 2025",7:00p,Dallas Mavericks,Indiana Pacers,1610612742,1610612754
"Wed, Mar 19, 2025",7:00p,Houston Rockets,Orlando Magic,1610612745,1610612753
"Wed, Mar 19, 2025",7:30p,Detroit Pistons,Miami Heat,1610612765,1610612748
"Wed, Mar 19, 2025",7:30p,New Orleans Pelicans,Minnesota Timberwolves,1610612740,1610612750
"Wed, Mar 19, 2025",8:00p,Philadelphia 76ers,Oklahoma City Thunder,1610612755,1610612760
"Wed, Mar 19, 2025",8:00p,New York Knicks,San Antonio Spurs,1610612752,1610612759
"Wed, Mar 19, 2025",9:00p,Los Angeles Clippers,Utah Jazz,1610612746,1610612762
"Wed, Mar 19, 2025",10:00p,Toronto Raptors,Golden State Warriors,1610612761,1610612744
"Wed, Mar 19, 2025",10:00p,Denver Nuggets,Los Angeles Lakers,1610612743,1610612747
"Wed, Mar 19, 2025",10:00p,Chicago Bulls,Phoenix Suns,1610612741,1610612756
"Wed, Mar 19, 2025",10:00p,Memphis Grizzlies,Portland Trail Blazers,1610612763,1610612757
"Wed, Mar 19, 2025",10:00p,Cleveland Cavaliers,Sacramento Kings,1610612739,1610612758
"Thu, Mar 20, 2025",7:00p,New York Knicks,Charlotte Hornets,1610612752,1610612766
"Thu, Mar 20, 2025",7:00p,Brooklyn Nets,Indiana Pacers,1610612751,1610612754
"Thu, Mar 20, 2025",10:00p,Milwaukee Bucks,Golden State Warriors,1610612749,1610612744
"Thu, Mar 20, 2025",10:00p,Chicago Bulls,Sacramento Kings,1610612741,1610612758
"Fri, Mar 21, 2025",7:00p,Orlando Magic,Washington Wizards,1610612753,1610612764
"Fri, Mar 21, 2025",8:00p,Houston Rockets,Miami Heat,1610612745,1610612748
"Fri, Mar 21, 2025",8:00p,New Orleans Pelicans,Minnesota Timberwolves,1610612740,1610612750
"Fri, Mar 21, 2025",8:00p,Charlotte Hornets,Oklahoma City Thunder,1610612766,1610612760
"Fri, Mar 21, 2025",8:00p,Philadelphia 76ers,San Antonio Spurs,1610612755,1610612759
"Fri, Mar 21, 2025",8:30p,Detroit Pistons,Dallas Mavericks,1610612765,1610612742
"Fri, Mar 21, 2025",9:30p,Boston Celtics,Utah Jazz,1610612738,1610612762
"Fri, Mar 21, 2025",10:00p,Cleveland Cavaliers,Phoenix Suns,1610612739,1610612756
"Fri, Mar 21, 2025",10:00p,Denver Nuggets,Portland Trail Blazers,1610612743,1610612757
"Fri, Mar 21, 2025",10:30p,Memphis Grizzlies,Los Angeles Clippers,1610612763,1610612746
"Sat, Mar 22, 2025",5:00p,Brooklyn Nets,Indiana Pacers,1610612751,1610612754
"Sat, Mar 22, 2025",7:00p,Golden State Warriors,Atlanta Hawks,1610612744,1610612737
"Sat, Mar 22, 2025",8:00p,Washington Wizards,New York Knicks,1610612764,1610612752
"Sat, Mar 22, 2025",10:00p,Milwaukee Bucks,Sacramento Kings,1610612749,1610612758
"Sat, Mar 22, 2025",10:30p,Chicago Bulls,Los Angeles Lakers,1610612741,1610612747
"Sun, Mar 23, 2025",3:00p,New Orleans Pelicans,Detroit Pistons,1610612740,1610612765
"Sun, Mar 23, 2025",3:30p,Cleveland Cavaliers,Utah Jazz,1610612739,1610612762
"Sun, Mar 23, 2025",6:00p,Philadelphia 76ers,Atlanta Hawks,1610612755,1610612737
"Sun, Mar 23, 2025",6:00p,Charlotte Hornets,Miami Heat,1610612766,1610612748
"Sun, Mar 23, 2025",6:00p,Boston Celtics,Portland Trail Blazers,1610612738,1610612757
"Sun, Mar 23, 2025",6:00p,San Antonio Spurs,Toronto Raptors,1610612759,1610612761
"Sun, Mar 23, 2025",7:00p,Denver Nuggets,Houston Rockets,1610612743,1610612745
"Sun, Mar 23, 2025",9:00p,Oklahoma City Thunder,Los Angeles Clippers,1610612760,1610612746
"Mon, Mar 24, 2025",7:00p,Minnesota Timberwolves,Indiana Pacers,1610612750,1610612754
"Mon, Mar 24, 2025",7:00p,Los Angeles Lakers,Orlando Magic,1610612747,1610612753
"Mon, Mar 24, 2025",7:00p,Toronto Raptors,Washington Wizards,1610612761,1610612764
"Mon, Mar 24, 2025",7:30p,Dallas Mavericks,Brooklyn Nets,1610612742,1610612751
"Mon, Mar 24, 2025",8:00p,Philadelphia 76ers,New Orleans Pelicans,1610612755,1610612740
"Mon, Mar 24, 2025",9:00p,Chicago Bulls,Denver Nuggets,1610612741,1610612743
"Mon, Mar 24, 2025",10:00p,Milwaukee Bucks,Phoenix Suns,1610612749,1610612756
"Mon, Mar 24, 2025",10:00p,Boston Celtics,Sacramento Kings,1610612738,1610612758
"Tue, Mar 25, 2025",7:00p,Orlando Magic,Charlotte Hornets,1610612753,1610612766
"Tue, Mar 25, 2025",7:00p,San Antonio Spurs,Detroit Pistons,1610612759,1610612765
"Tue, Mar 25, 2025",7:30p,Golden State Warriors,Miami Heat,1610612744,1610612748
"Tue, Mar 25, 2025",7:30p,Dallas Mavericks,New York Knicks,1610612742,1610612752
"Tue, Mar 25, 2025",8:00p,Atlanta Hawks,Houston Rockets,1610612737,1610612745
"Tue, Mar 25, 2025",9:00p,Memphis Grizzlies,Utah Jazz,1610612763,1610612762
"Tue, Mar 25, 2025",10:00p,Cleveland Cavaliers,Portland Trail Blazers,1610612739,1610612757
"Tue, Mar 25, 2025",10:00p,Oklahoma City Thunder,Sacramento Kings,1610612760,1610612758
"Wed, Mar 26, 2025",7:00p,Washington Wizards,Philadelphia 76ers,1610612764,1610612755
"Wed, Mar 26, 2025",7:30p,Toronto Raptors,Brooklyn Nets,1610612761,1610612751
"Wed, Mar 26, 2025",7:30p,Los Angeles Lakers,Indiana Pacers,1610612747,1610612754
"Wed, Mar 26, 2025",7:30p,Los Angeles Clippers,New York Knicks,1610612746,1610612752
"Wed, Mar 26, 2025",9:00p,Milwaukee Bucks,Denver Nuggets,1610612749,1610612743
"Wed, Mar 26, 2025",10:00p,Boston Celtics,Phoenix Suns,1610612738,1610612756
"Thu, Mar 27, 2025",7:00p,San Antonio Spurs,Cleveland Cavaliers,1610612759,1610612739
"Thu, Mar 27, 2025",7:00p,Dallas Mavericks,Orlando Magic,1610612742,1610612753
"Thu, Mar 27, 2025",7:00p,Indiana Pacers,Washington Wizards,1610612754,1610612764
"Thu, Mar 27, 2025",7:30p,Atlanta Hawks,Miami Heat,1610612737,1610612748
"Thu, Mar 27, 2025",8:00p,Los Angeles Lakers,Chicago Bulls,1610612747,1610612741
"Thu, Mar 27, 2025",8:00p,Memphis Grizzlies,Oklahoma City Thunder,1610612763,1610612760
"Thu, Mar 27, 2025",9:00p,Houston Rockets,Utah Jazz,1610612745,1610612762
"Thu, Mar 27, 2025",10:00p,Portland Trail Blazers,Sacramento Kings,1610612757,1610612758
"Fri, Mar 28, 2025",7:00p,Cleveland Cavaliers,Detroit Pistons,1610612739,1610612765
"Fri, Mar 28, 2025",7:30p,Los Angeles Clippers,Brooklyn Nets,1610612746,1610612751
"Fri, Mar 28, 2025",7:30p,Charlotte Hornets,Toronto Raptors,1610612766,1610612761
"Fri, Mar 28, 2025",8:00p,New York Knicks,Milwaukee Bucks,1610612752,1610612749
"Fri, Mar 28, 2025",8:00p,Phoenix Suns,Minnesota Timberwolves,1610612756,1610612750
"Fri, Mar 28, 2025",8:00p,Golden State Warriors,New Orleans Pelicans,1610612744,1610612740
"Fri, Mar 28, 2025",9:00p,Utah Jazz,Denver Nuggets,1610612762,1610612743
"Sat, Mar 29, 2025",5:00p,Sacramento Kings,Orlando Magic,1610612758,1610612753
"Sat, Mar 29, 2025",7:00p,Brooklyn Nets,Washington Wizards,1610612751,1610612764
"Sat, Mar 29, 2025",7:30p,Miami Heat,Philadelphia 76ers,1610612748,1610612755
"Sat, Mar 29, 2025",8:00p,Dallas Mavericks,Chicago Bulls,1610612742,1610612741
"Sat, Mar 29, 2025",8:00p,Los Angeles Lakers,Memphis Grizzlies,1610612747,1610612763
"Sat, Mar 29, 2025",8:00p,Indiana Pacers,Oklahoma City Thunder,1610612754,1610612760
"Sat, Mar 29, 2025",8:00p,Boston Celtics,San Antonio Spurs,1610612738,1610612759
"Sun, Mar 30, 2025",3:30p,Los Angeles Clippers,Cleveland Cavaliers,1610612746,1610612739
"Sun, Mar 30, 2025",6:00p,Portland Trail Blazers,New York Knicks,1610612757,1610612752
"Sun, Mar 30, 2025",7:00p,Atlanta Hawks,Milwaukee Bucks,1610612737,1610612749
"Sun, Mar 30, 2025",7:00p,Detroit Pistons,Minnesota Timberwolves,1610612765,1610612750
"Sun, Mar 30, 2025",7:00p,Charlotte Hornets,New Orleans Pelicans,1610612766,1610612740
"Sun, Mar 30, 2025",7:00p,Golden State Warriors,San Antonio Spurs,1610612744,1610612759
"Sun, Mar 30, 2025",7:30p,Toronto Raptors,Philadelphia 76ers,1610612761,1610612755
"Sun, Mar 30, 2025",9:00p,Houston Rockets,Phoenix Suns,1610612745,1610612756
"Mon, Mar 31, 2025",7:00p,Utah Jazz,Charlotte Hornets,1610612762,1610612766
"Mon, Mar 31, 2025",7:00p,Sacramento Kings,Indiana Pacers,1610612758,1610612754
"Mon, Mar 31, 2025",7:00p,Los Angeles Clippers,Orlando Magic,1610612746,1610612753
"Mon, Mar 31, 2025",7:00p,Miami Heat,Washington Wizards,1610612748,1610612764
"Mon, Mar 31, 2025",8:00p,Boston Celtics,Memphis Grizzlies,1610612738,1610612763
"Mon, Mar 31, 2025",8:00p,Chicago Bulls,Oklahoma City Thunder,1610612741,1610612760
"Mon, Mar 31, 2025",8:30p,Brooklyn Nets,Dallas Mavericks,1610612751,1610612742
"Mon, Mar 31, 2025",10:30p,Houston Rockets,Los Angeles Lakers,1610612745,1610612747
"Tue, Apr 1, 2025",7:30p,Portland Trail Blazers,Atlanta Hawks,1610612757,1610612737
"Tue, Apr 1, 2025",7:30p,Philadelphia 76ers,New York Knicks,1610612755,1610612752
"Tue, Apr 1, 2025",8:00p,Toronto Raptors,Chicago Bulls,1610612761,1610612741
"Tue, Apr 1, 2025",8:00p,Golden State Warriors,Memphis Grizzlies,1610612744,1610612763
"Tue, Apr 1, 2025",8:00p,Phoenix Suns,Milwaukee Bucks,1610612756,1610612749
"Tue, Apr 1, 2025",10:00p,Minnesota Timberwolves,Denver Nuggets,1610612750,1610612743
"Wed, Apr 2, 2025",7:00p,New York Knicks,Cleveland Cavaliers,1610612752,1610612739
"Wed, Apr 2, 2025",7:00p,Charlotte Hornets,Indiana Pacers,1610612766,1610612754
"Wed, Apr 2, 2025",7:00p,Sacramento Kings,Washington Wizards,1610612758,1610612764
"Wed, Apr 2, 2025",7:30p,Miami Heat,Boston Celtics,1610612748,1610612738
"Wed, Apr 2, 2025",8:00p,Utah Jazz,Houston Rockets,1610612762,1610612745
"Wed, Apr 2, 2025",8:00p,Detroit Pistons,Oklahoma City Thunder,1610612765,1610612760
"Wed, Apr 2, 2025",8:30p,Atlanta Hawks,Dallas Mavericks,1610612737,1610612742
"Wed, Apr 2, 2025",9:00p,San Antonio Spurs,Denver Nuggets,1610612759,1610612743
"Wed, Apr 2, 2025",10:00p,New Orleans Pelicans,Los Angeles Clippers,1610612740,1610612746
"Thu, Apr 3, 2025",7:00p,Orlando Magic,Washington Wizards,1610612753,1610612764
"Thu, Apr 3, 2025",7:30p,Minnesota Timberwolves,Brooklyn Nets,1610612750,1610612751
"Thu, Apr 3, 2025",7:30p,Memphis Grizzlies,Miami Heat,1610612763,1610612748
"Thu, Apr 3, 2025",7:30p,Milwaukee Bucks,Philadelphia 76ers,1610612749,1610612755
"Thu, Apr 3, 2025",7:30p,Portland Trail Blazers,Toronto Raptors,1610612757,1610612761
"Thu, Apr 3, 2025",10:00p,Golden State Warriors,Los Angeles Lakers,1610612744,1610612747
"Fri, Apr 4, 2025",7:00p,Sacramento Kings,Charlotte Hornets,1610612758,1610612766
"Fri, Apr 4, 2025",7:00p,Utah Jazz,Indiana Pacers,1610612762,1610612754
"Fri, Apr 4, 2025",7:30p,Phoenix Suns,Boston Celtics,1610612756,1610612738
"Fri, Apr 4, 2025",7:30p,Detroit Pistons,Toronto Raptors,1610612765,1610612761
"Fri, Apr 4, 2025",8:00p,Portland Trail Blazers,Chicago Bulls,1610612757,1610612741
"Fri, Apr 4, 2025",8:00p,Oklahoma City Thunder,Houston Rockets,1610612760,1610612745
"Fri, Apr 4, 2025",8:00p,Cleveland Cavaliers,San Antonio Spurs,1610612739,1610612759
"Fri, Apr 4, 2025",10:00p,Denver Nuggets,Golden State Warriors,1610612743,1610612744
"Fri, Apr 4, 2025",10:30p,Dallas Mavericks,Los Angeles Clippers,1610612742,1610612746
"Fri, Apr 4, 2025",10:30p,New Orleans Pelicans,Los Angeles Lakers,1610612740,1610612747
"Sat, Apr 5, 2025",3:00p,New York Knicks,Atlanta Hawks,1610612752,1610612737
"Sat, Apr 5, 2025",7:00p,Memphis Grizzlies,Detroit Pistons,1610612763,1610612765
"Sat, Apr 5, 2025",7:00p,Minnesota Timberwolves,Philadelphia 76ers,1610612750,1610612755
"Sat, Apr 5, 2025",8:00p,Milwaukee Bucks,Miami Heat,1610612749,1610612748
"Sat, Apr 5, 2025",10:30p,Dallas Mavericks,Los Angeles Clippers,1610612742,1610612746
"Sun, Apr 6, 2025",1:00p,Chicago Bulls,Charlotte Hornets,1610612741,1610612766
"Sun, Apr 6, 2025",3:30p,Toronto Raptors,Brooklyn Nets,1610612761,1610612751
"Sun, Apr 6, 2025",3:30p,Los Angeles Lakers,Oklahoma City Thunder,1610612747,1610612760
"Sun, Apr 6, 2025",6:00p,Utah Jazz,Atlanta Hawks,1610612762,1610612737
"Sun, Apr 6, 2025",6:00p,Washington Wizards,Boston Celtics,1610612764,1610612738
"Sun, Apr 6, 2025",6:00p,Sacramento Kings,Cleveland Cavaliers,1610612758,1610612739
"Sun, Apr 6, 2025",6:00p,San Antonio Spurs,Portland Trail Blazers,1610612759,1610612757
"Sun, Apr 6, 2025",7:00p,Orlando Magic,New Orleans Pelicans,1610612753,1610612740
"Sun, Apr 6, 2025",7:00p,Phoenix Suns,New York Knicks,1610612756,1610612752
"Sun, Apr 6, 2025",8:00p,Indiana Pacers,Denver Nuggets,1610612754,1610612743
"Sun, Apr 6, 2025",8:30p,Houston Rockets,Golden State Warriors,1610612745,1610612744
"Mon, Apr 7, 2025",7:00p,Sacramento Kings,Detroit Pistons,1610612758,1610612765
"Mon, Apr 7, 2025",7:30p,Philadelphia 76ers,Miami Heat,1610612755,1610612748
"Tue, Apr 8, 2025",7:00p,Memphis Grizzlies,Charlotte Hornets,1610612763,1610612766
"Tue, Apr 8, 2025",7:00p,Chicago Bulls,Cleveland Cavaliers,1610612741,1610612739
"Tue, Apr 8, 2025",7:00p,Washington Wizards,Indiana Pacers,1610612764,1610612754
"Tue, Apr 8, 2025",7:00p,Atlanta Hawks,Orlando Magic,1610612737,1610612753
"Tue, Apr 8, 2025",7:30p,New Orleans Pelicans,Brooklyn Nets,1610612740,1610612751
"Tue, Apr 8, 2025",7:30p,Boston Celtics,New York Knicks,1610612738,1610612752
"Tue, Apr 8, 2025",8:00p,Minnesota Timberwolves,Milwaukee Bucks,1610612750,1610612749
"Tue, Apr 8, 2025",8:00p,Los Angeles Lakers,Oklahoma City Thunder,1610612747,1610612760
"Tue, Apr 8, 2025",10:00p,Golden State Warriors,Phoenix Suns,1610612744,1610612756
"Tue, Apr 8, 2025",10:30p,San Antonio Spurs,Los Angeles Clippers,1610612759,1610612746
"Wed, Apr 9, 2025",7:00p,Boston Celtics,Orlando Magic,1610612738,1610612753
"Wed, Apr 9, 2025",7:00p,Philadelphia 76ers,Washington Wizards,1610612755,1610612764
"Wed, Apr 9, 2025",7:30p,Los Angeles Lakers,Dallas Mavericks,1610612747,1610612742
"Wed, Apr 9, 2025",7:30p,Charlotte Hornets,Toronto Raptors,1610612766,1610612761
"Wed, Apr 9, 2025",8:00p,Miami Heat,Chicago Bulls,1610612748,1610612741
"Wed, Apr 9, 2025",8:00p,New Orleans Pelicans,Milwaukee Bucks,1610612740,1610612749
"Wed, Apr 9, 2025",9:00p,Portland Trail Blazers,Utah Jazz,1610612757,1610612762
"Wed, Apr 9, 2025",10:00p,San Antonio Spurs,Golden State Warriors,1610612759,1610612744
"Wed, Apr 9, 2025",10:00p,Oklahoma City Thunder,Phoenix Suns,1610612760,1610612756
"Wed, Apr 9, 2025",10:00p,Denver Nuggets,Sacramento Kings,1610612743,1610612758
"Wed, Apr 9, 2025",10:30p,Houston Rockets,Los Angeles Clippers,1610612745,1610612746
"Thu, Apr 10, 2025",7:00p,New York Knicks,Detroit Pistons,1610612752,1610612765
"Thu, Apr 10, 2025",7:00p,Cleveland Cavaliers,Indiana Pacers,1610612739,1610612754
"Thu, Apr 10, 2025",7:30p,Atlanta Hawks,Brooklyn Nets,1610612737,1610612751
"Thu, Apr 10, 2025",9:30p,Minnesota Timberwolves,Memphis Grizzlies,1610612750,1610612763
"Fri, Apr 11, 2025",7:00p,Milwaukee Bucks,Detroit Pistons,1610612749,1610612765
"Fri, Apr 11, 2025",7:00p,Orlando Magic,Indiana Pacers,1610612753,1610612754
"Fri, Apr 11, 2025",7:00p,Atlanta Hawks,Philadelphia 76ers,1610612737,1610612755
"Fri, Apr 11, 2025",7:30p,Charlotte Hornets,Boston Celtics,1610612766,1610612738
"Fri, Apr 11, 2025",7:30p,Cleveland Cavaliers,New York Knicks,1610612739,1610612752
"Fri, Apr 11, 2025",8:00p,Washington Wizards,Chicago Bulls,1610612764,1610612741
"Fri, Apr 11, 2025",8:00p,Miami Heat,New Orleans Pelicans,1610612748,1610612740
"Fri, Apr 11, 2025",8:30p,Toronto Raptors,Dallas Mavericks,1610612761,1610612742
"Fri, Apr 11, 2025",9:00p,Memphis Grizzlies,Denver Nuggets,1610612763,1610612743
"Fri, Apr 11, 2025",9:00p,Brooklyn Nets,Minnesota Timberwolves,1610612751,1610612750
"Fri, Apr 11, 2025",9:30p,Oklahoma City Thunder,Utah Jazz,1610612760,1610612762
"Fri, Apr 11, 2025",10:00p,San Antonio Spurs,Phoenix Suns,1610612759,1610612756
"Fri, Apr 11, 2025",10:00p,Golden State Warriors,Portland Trail Blazers,1610612744,1610612757
"Fri, Apr 11, 2025",10:00p,Los Angeles Clippers,Sacramento Kings,1610612746,1610612758
"Fri, Apr 11, 2025",10:30p,Houston Rockets,Los Angeles Lakers,1610612745,1610612747
"Sun, Apr 13, 2025",1:00p,Orlando Magic,Atlanta Hawks,1610612753,1610612737
"Sun, Apr 13, 2025",1:00p,Charlotte Hornets,Boston Celtics,1610612766,1610612738
"Sun, Apr 13, 2025",1:00p,New York Knicks,Brooklyn Nets,1610612752,1610612751
"Sun, Apr 13, 2025",1:00p,Indiana Pacers,Cleveland Cavaliers,1610612754,1610612739
"Sun, Apr 13, 2025",1:00p,Washington Wizards,Miami Heat,1610612764,1610612748
"Sun, Apr 13, 2025",1:00p,Detroit Pistons,Milwaukee Bucks,1610612765,1610612749
"Sun, Apr 13, 2025",1:00p,Chicago Bulls,Philadelphia 76ers,1610612741,1610612755
"Sun, Apr 13, 2025",3:30p,Los Angeles Clippers,Golden State Warriors,1610612746,1610612744
"Sun, Apr 13, 2025",3:30p,Denver Nuggets,Houston Rockets,1610612743,1610612745
"Sun, Apr 13, 2025",3:30p,Dallas Mavericks,Memphis Grizzlies,1610612742,1610612763
"Sun, Apr 13, 2025",3:30p,Utah Jazz,Minnesota Timberwolves,1610612762,1610612750
"Sun, Apr 13, 2025",3:30p,Oklahoma City Thunder,New Orleans Pelicans,1610612760,1610612740
"Sun, Apr 13, 2025",3:30p,Los Angeles Lakers,Portland Trail Blazers,1610612747,1610612757
"Sun, Apr 13, 2025",3:30p,Phoenix Suns,Sacramento Kings,1610612756,1610612758
"Sun, Apr 13, 2025",3:30p,Toronto Raptors,San Antonio Spurs,1610612761,1610612759
